id,label_0,label_1,label_2,proba_0,proba_1,proba_2,name_0,name_1,name_2
4,52.0,84.0,47.0,1.0,1.2951571869974004e-06,7.233683477700115e-07,Quercus_Agrifolia,Quercus_Trojana,Populus_Nigra
7,51.0,48.0,70.0,1.0,3.7107681126070355e-06,8.630653603637073e-07,Quercus_Afares,Prunus_Avium,Quercus_Kewensis
9,2.0,5.0,99.0,1.0,3.0008417439223016e-06,2.651223131097576e-06,Acer_Circinatum,Acer_Palmatum,Zelkova_Serrata
12,20.0,96.0,14.0,1.0,6.240683207759538e-06,3.771047154265013e-06,Castanea_Sativa,Ulmus_Bergmanniana,Alnus_Sieboldiana
13,15.0,12.0,9.0,1.0,1.423168317602569e-06,4.2188783343897636e-07,Alnus_Viridis,Alnus_Maximowiczii,Acer_Rufinerve
16,4.0,44.0,95.0,1.0,1.7102785047920458e-06,9.249060473132165e-07,Acer_Opalus,Phildelphus,Tilia_Tomentosa
19,4.0,99.0,51.0,1.0,2.4646922382125255e-06,1.1514372690396823e-06,Acer_Opalus,Zelkova_Serrata,Quercus_Afares
23,29.0,30.0,6.0,1.0,1.5891029897190443e-06,5.682890483261848e-07,Eucalyptus_Glaucescens,Eucalyptus_Neglecta,Acer_Pictum
24,85.0,32.0,38.0,1.0,2.7057907519745906e-07,8.73316194304743e-08,Quercus_Variabilis,Fagus_Sylvatica,Lithocarpus_Cleistocarpus
28,9.0,20.0,8.0,1.0,9.67612916521282e-07,5.847829863341737e-07,Acer_Rufinerve,Castanea_Sativa,Acer_Rubrum
33,44.0,61.0,87.0,1.0,6.186542499148576e-06,3.354972773418723e-06,Phildelphus,Quercus_Crassifolia,Quercus_x_Hispanica
36,75.0,65.0,57.0,1.0,2.265518844983451e-07,3.248909832460464e-08,Quercus_Pontica,Quercus_Greggii,Quercus_Cerris
39,76.0,42.0,52.0,1.0,3.066878780383703e-08,2.3019090164073638e-08,Quercus_Pubescens,Morus_Nigra,Quercus_Agrifolia
41,11.0,32.0,50.0,1.0,2.2151378227444795e-07,1.0762124153713315e-07,Alnus_Cordata,Fagus_Sylvatica,Pterocarya_Stenoptera
44,53.0,54.0,80.0,1.0,2.737348089095227e-06,2.0343955953960826e-07,Quercus_Alnifolia,Quercus_Brantii,Quercus_Semecarpifolia
46,47.0,66.0,75.0,1.0,2.7583595891372634e-06,2.686863096529991e-06,Populus_Nigra,Quercus_Hartwissiana,Quercus_Pontica
47,46.0,59.0,32.0,1.0,3.4668447431052055e-06,3.3411688513900914e-06,Populus_Grandidentata,Quercus_Coccifera,Fagus_Sylvatica
51,74.0,80.0,62.0,1.0,1.3843493076754315e-06,1.0868985198418023e-06,Quercus_Phillyraeoides,Quercus_Semecarpifolia,Quercus_Crassipes
52,14.0,81.0,8.0,1.0,2.174332093565883e-06,9.955590168904525e-07,Alnus_Sieboldiana,Quercus_Shumardii,Acer_Rubrum
53,72.0,19.0,81.0,1.0,2.913894343446684e-06,1.699833426633035e-06,Quercus_Palustris,Callicarpa_Bodinieri,Quercus_Shumardii
57,62.0,55.0,97.0,1.0,1.989562328346973e-06,1.3061713792299118e-06,Quercus_Crassipes,Quercus_Canariensis,Viburnum_Tinus
59,69.0,70.0,91.0,1.0,2.210392795873256e-06,1.6526879001189662e-06,Quercus_Infectoria_sub,Quercus_Kewensis,Salix_Intergra
62,58.0,39.0,88.0,1.0,8.701026035759564e-07,2.1682720882064538e-07,Quercus_Chrysolepis,Lithocarpus_Edulis,Quercus_x_Turneri
65,78.0,96.0,41.0,1.0,4.775395509433911e-06,1.8618056222574156e-06,Quercus_Rhysophylla,Ulmus_Bergmanniana,Magnolia_Salicifolia
68,2.0,27.0,20.0,1.0,5.052748432626956e-07,4.816297140592462e-07,Acer_Circinatum,Crataegus_Monogyna,Castanea_Sativa
70,71.0,73.0,81.0,1.0,5.255444679741024e-07,5.177932246080963e-07,Quercus_Nigra,Quercus_Phellos,Quercus_Shumardii
74,29.0,30.0,31.0,1.0,8.99612729663771e-07,6.996656754771255e-07,Eucalyptus_Glaucescens,Eucalyptus_Neglecta,Eucalyptus_Urnigera
77,16.0,29.0,78.0,1.0,1.255140316669839e-06,7.651506331453322e-07,Arundinaria_Simonii,Eucalyptus_Glaucescens,Quercus_Rhysophylla
79,36.0,19.0,6.0,1.0,6.151652346527144e-07,3.542975180625429e-07,Liquidambar_Styraciflua,Callicarpa_Bodinieri,Acer_Pictum
86,71.0,66.0,81.0,1.0,1.2592972185647527e-06,3.0957142485684314e-07,Quercus_Nigra,Quercus_Hartwissiana,Quercus_Shumardii
89,54.0,55.0,53.0,1.0,6.063477788582869e-07,3.951300352432818e-07,Quercus_Brantii,Quercus_Canariensis,Quercus_Alnifolia
90,75.0,65.0,89.0,1.0,1.0239326701712473e-07,7.920918025676093e-08,Quercus_Pontica,Quercus_Greggii,Rhododendron_x_Russellianum
91,48.0,20.0,49.0,1.0,4.65433832099127e-06,8.658687263202677e-08,Prunus_Avium,Castanea_Sativa,Prunus_X_Shmittii
93,51.0,44.0,4.0,1.0,8.542477435474144e-07,6.582119738401748e-07,Quercus_Afares,Phildelphus,Acer_Opalus
94,5.0,2.0,36.0,1.0,1.304516284354115e-06,8.130337203705596e-07,Acer_Palmatum,Acer_Circinatum,Liquidambar_Styraciflua
95,37.0,68.0,51.0,1.0,2.866358992749452e-06,1.5677579758269396e-06,Liriodendron_Tulipifera,Quercus_Imbricaria,Quercus_Afares
96,15.0,9.0,96.0,1.0,6.029985042624914e-06,2.3368749181761946e-06,Alnus_Viridis,Acer_Rufinerve,Ulmus_Bergmanniana
97,56.0,70.0,54.0,1.0,9.2563853921229e-06,4.876956942031529e-06,Quercus_Castaneifolia,Quercus_Kewensis,Quercus_Brantii
98,37.0,38.0,41.0,1.0,4.072868254040681e-06,2.1851892394472612e-06,Liriodendron_Tulipifera,Lithocarpus_Cleistocarpus,Magnolia_Salicifolia
99,94.0,11.0,19.0,1.0,1.3148692042997408e-06,3.7536826291119543e-07,Tilia_Platyphyllos,Alnus_Cordata,Callicarpa_Bodinieri
102,9.0,12.0,17.0,1.0,3.29471020469782e-06,2.3592575545620762e-06,Acer_Rufinerve,Alnus_Maximowiczii,Betula_Austrosinensis
104,33.0,65.0,70.0,1.0,9.231147056477044e-07,2.953362537649061e-07,Ginkgo_Biloba,Quercus_Greggii,Quercus_Kewensis
105,9.0,1.0,95.0,1.0,4.330657433893335e-07,3.8502245497334467e-07,Acer_Rufinerve,Acer_Capillipes,Tilia_Tomentosa
110,10.0,21.0,1.0,1.0,3.611472400084893e-09,3.3426504499554774e-09,Acer_Saccharinum,Celtis_Koraiensis,Acer_Capillipes
111,72.0,64.0,74.0,1.0,1.3991711297998699e-08,1.3617606548354873e-08,Quercus_Palustris,Quercus_Ellipsoidalis,Quercus_Phillyraeoides
112,71.0,81.0,94.0,1.0,3.4304725636875997e-07,6.115532312085444e-08,Quercus_Nigra,Quercus_Shumardii,Tilia_Platyphyllos
113,39.0,30.0,25.0,1.0,2.5733544320412633e-06,1.9263739214678366e-07,Lithocarpus_Edulis,Eucalyptus_Neglecta,Cornus_Macrophylla
114,24.0,21.0,23.0,1.0,6.411743669959766e-07,4.922596177817147e-07,Cornus_Controversa,Celtis_Koraiensis,Cornus_Chinensis
117,95.0,59.0,74.0,1.0,4.327077634053213e-06,3.4470033698151104e-06,Tilia_Tomentosa,Quercus_Coccifera,Quercus_Phillyraeoides
119,19.0,50.0,1.0,1.0,3.282979355076626e-06,1.666129023329625e-07,Callicarpa_Bodinieri,Pterocarya_Stenoptera,Acer_Capillipes
121,18.0,8.0,49.0,1.0,3.2742439107463675e-06,2.010302814036509e-06,Betula_Pendula,Acer_Rubrum,Prunus_X_Shmittii
123,6.0,79.0,57.0,1.0,1.8315070329578463e-06,1.230014541639757e-06,Acer_Pictum,Quercus_Rubra,Quercus_Cerris
125,56.0,30.0,81.0,1.0,1.4614792611430671e-07,5.5136872033863767e-08,Quercus_Castaneifolia,Eucalyptus_Neglecta,Quercus_Shumardii
126,95.0,27.0,37.0,1.0,1.3537565371269614e-06,1.2831018922365627e-06,Tilia_Tomentosa,Crataegus_Monogyna,Liriodendron_Tulipifera
128,15.0,9.0,12.0,1.0,5.051692423514976e-06,1.911238306788041e-06,Alnus_Viridis,Acer_Rufinerve,Alnus_Maximowiczii
131,87.0,51.0,18.0,1.0,2.0225766321966373e-06,1.0601620714128017e-06,Quercus_x_Hispanica,Quercus_Afares,Betula_Pendula
135,63.0,26.0,67.0,1.0,5.688830128068563e-06,4.620043949065344e-06,Quercus_Dolicholepis,Cotinus_Coggygria,Quercus_Ilex
136,34.0,32.0,80.0,1.0,2.4818159967430903e-06,7.675271808767532e-07,Ilex_Aquifolium,Fagus_Sylvatica,Quercus_Semecarpifolia
137,52.0,79.0,47.0,1.0,2.1310592042447117e-06,1.302802213122659e-06,Quercus_Agrifolia,Quercus_Rubra,Populus_Nigra
138,99.0,55.0,1.0,1.0,6.0784233545110505e-06,3.1246272590484254e-07,Zelkova_Serrata,Quercus_Canariensis,Acer_Capillipes
141,89.0,57.0,75.0,1.0,1.0431644148868572e-07,4.7061665572651994e-08,Rhododendron_x_Russellianum,Quercus_Cerris,Quercus_Pontica
144,57.0,75.0,65.0,1.0,2.6610976443672084e-06,2.285895686601939e-06,Quercus_Cerris,Quercus_Pontica,Quercus_Greggii
147,22.0,98.0,65.0,1.0,8.598522688130318e-07,5.437410208814379e-07,Cercis_Siliquastrum,Viburnum_x_Rhytidophylloides,Quercus_Greggii
150,60.0,83.0,77.0,1.0,3.1506981310786973e-06,2.1357816185109103e-06,Quercus_Coccinea,Quercus_Texana,Quercus_Pyrenaica
151,66.0,55.0,69.0,1.0,1.2873285905378294e-06,4.976007435605644e-07,Quercus_Hartwissiana,Quercus_Canariensis,Quercus_Infectoria_sub
154,12.0,14.0,49.0,1.0,2.094420675185015e-06,1.1503563202863007e-06,Alnus_Maximowiczii,Alnus_Sieboldiana,Prunus_X_Shmittii
156,49.0,48.0,86.0,1.0,4.3417351897627395e-06,1.243021172984274e-06,Prunus_X_Shmittii,Prunus_Avium,Quercus_Vulcanica
157,6.0,73.0,60.0,1.0,2.8261209579191472e-06,1.8497854701754526e-06,Acer_Pictum,Quercus_Phellos,Quercus_Coccinea
158,14.0,12.0,99.0,1.0,2.050226232067658e-06,8.994602708971895e-07,Alnus_Sieboldiana,Alnus_Maximowiczii,Zelkova_Serrata
159,5.0,10.0,21.0,1.0,1.3528578518454754e-06,5.121520719105804e-07,Acer_Palmatum,Acer_Saccharinum,Celtis_Koraiensis
161,55.0,24.0,10.0,1.0,4.608817298131508e-07,9.533789530300616e-08,Quercus_Canariensis,Cornus_Controversa,Acer_Saccharinum
162,58.0,39.0,88.0,1.0,1.3945814792124596e-06,1.3659917002240064e-06,Quercus_Chrysolepis,Lithocarpus_Edulis,Quercus_x_Turneri
170,30.0,80.0,38.0,1.0,6.792361863905851e-08,4.0746831014850774e-08,Eucalyptus_Neglecta,Quercus_Semecarpifolia,Lithocarpus_Cleistocarpus
172,8.0,18.0,74.0,1.0,8.822348479277157e-07,5.481814334521342e-07,Acer_Rubrum,Betula_Pendula,Quercus_Phillyraeoides
174,32.0,69.0,37.0,1.0,7.744132001237921e-07,2.1382824347260318e-07,Fagus_Sylvatica,Quercus_Infectoria_sub,Liriodendron_Tulipifera
176,99.0,20.0,2.0,1.0,3.1755770326030236e-07,3.0593204376204175e-07,Zelkova_Serrata,Castanea_Sativa,Acer_Circinatum
177,93.0,11.0,94.0,1.0,8.690603648384313e-06,2.2813331729339764e-07,Tilia_Oliveri,Alnus_Cordata,Tilia_Platyphyllos
180,85.0,46.0,95.0,1.0,2.9858686939526553e-06,1.3845935596483939e-06,Quercus_Variabilis,Populus_Grandidentata,Tilia_Tomentosa
181,26.0,23.0,24.0,1.0,8.020575104619173e-06,1.1613616817981992e-06,Cotinus_Coggygria,Cornus_Chinensis,Cornus_Controversa
182,11.0,36.0,93.0,1.0,7.22255599043366e-07,5.291807866543092e-07,Alnus_Cordata,Liquidambar_Styraciflua,Tilia_Oliveri
184,62.0,97.0,35.0,1.0,4.300566434635548e-06,1.4515026843725147e-06,Quercus_Crassipes,Viburnum_Tinus,Ilex_Cornuta
185,44.0,41.0,59.0,1.0,4.946334923921722e-06,2.4321708455247236e-06,Phildelphus,Magnolia_Salicifolia,Quercus_Coccifera
187,86.0,88.0,20.0,1.0,5.317544197710999e-06,4.464704978815234e-06,Quercus_Vulcanica,Quercus_x_Turneri,Castanea_Sativa
191,25.0,71.0,72.0,1.0,1.7264644849238953e-06,1.1758120379690542e-06,Cornus_Macrophylla,Quercus_Nigra,Quercus_Palustris
192,2.0,99.0,17.0,1.0,3.132587680181416e-06,2.5959893691192784e-06,Acer_Circinatum,Zelkova_Serrata,Betula_Austrosinensis
193,3.0,43.0,77.0,1.0,4.073140022228805e-06,7.674283589718823e-07,Acer_Mono,Olea_Europaea,Quercus_Pyrenaica
195,24.0,25.0,55.0,1.0,4.6174123575148765e-06,1.001020119484691e-06,Cornus_Controversa,Cornus_Macrophylla,Quercus_Canariensis
197,84.0,47.0,52.0,1.0,3.68383315006628e-07,2.1869723026768756e-07,Quercus_Trojana,Populus_Nigra,Quercus_Agrifolia
200,41.0,38.0,88.0,1.0,5.053608023929359e-06,2.979913592047689e-06,Magnolia_Salicifolia,Lithocarpus_Cleistocarpus,Quercus_x_Turneri
205,23.0,68.0,78.0,1.0,1.1726623195853834e-06,4.793948641448136e-07,Cornus_Chinensis,Quercus_Imbricaria,Quercus_Rhysophylla
207,49.0,42.0,86.0,1.0,3.810993990853278e-06,1.8101011884989527e-06,Prunus_X_Shmittii,Morus_Nigra,Quercus_Vulcanica
208,91.0,70.0,62.0,1.0,1.9220768992454608e-06,1.0519422972601467e-06,Salix_Intergra,Quercus_Kewensis,Quercus_Crassipes
209,26.0,23.0,61.0,1.0,3.4336314113574277e-06,4.178378541317885e-07,Cotinus_Coggygria,Cornus_Chinensis,Quercus_Crassifolia
210,22.0,69.0,32.0,1.0,5.771991970187452e-06,9.428043392673556e-07,Cercis_Siliquastrum,Quercus_Infectoria_sub,Fagus_Sylvatica
213,38.0,39.0,40.0,1.0,9.822693589799403e-06,4.807581322050999e-06,Lithocarpus_Cleistocarpus,Lithocarpus_Edulis,Magnolia_Heptapeta
220,57.0,54.0,36.0,1.0,9.065249403588523e-07,6.348659901388865e-07,Quercus_Cerris,Quercus_Brantii,Liquidambar_Styraciflua
221,42.0,13.0,95.0,1.0,2.1117132948723006e-06,6.61391447717287e-07,Morus_Nigra,Alnus_Rubra,Tilia_Tomentosa
222,96.0,90.0,17.0,1.0,3.1662628939990144e-06,3.085611761061254e-06,Ulmus_Bergmanniana,Salix_Fragilis,Betula_Austrosinensis
223,8.0,93.0,18.0,1.0,2.263645286584009e-06,9.921700541883283e-07,Acer_Rubrum,Tilia_Oliveri,Betula_Pendula
226,90.0,72.0,86.0,1.0,1.3262965330502656e-06,8.74274848874885e-07,Salix_Fragilis,Quercus_Palustris,Quercus_Vulcanica
229,99.0,2.0,26.0,1.0,5.423541552896598e-07,3.934589155917484e-07,Zelkova_Serrata,Acer_Circinatum,Cotinus_Coggygria
230,78.0,45.0,96.0,1.0,1.3190736636577466e-06,4.3572204485199184e-07,Quercus_Rhysophylla,Populus_Adenopoda,Ulmus_Bergmanniana
232,4.0,95.0,53.0,1.0,1.997104780316955e-06,1.7154430626651435e-07,Acer_Opalus,Tilia_Tomentosa,Quercus_Alnifolia
234,13.0,42.0,92.0,1.0,1.1108008317968142e-06,7.262790797680315e-07,Alnus_Rubra,Morus_Nigra,Sorbus_Aria
236,32.0,84.0,95.0,1.0,8.432217673359264e-07,6.257512022267169e-07,Fagus_Sylvatica,Quercus_Trojana,Tilia_Tomentosa
244,85.0,52.0,32.0,1.0,6.856578628605477e-06,4.762614194767976e-06,Quercus_Variabilis,Quercus_Agrifolia,Fagus_Sylvatica
250,54.0,87.0,51.0,1.0,5.231650324118065e-06,3.62257085000824e-06,Quercus_Brantii,Quercus_x_Hispanica,Quercus_Afares
251,97.0,37.0,39.0,1.0,9.155173459385857e-07,5.38990852344124e-07,Viburnum_Tinus,Liriodendron_Tulipifera,Lithocarpus_Edulis
254,65.0,84.0,76.0,1.0,1.0106284873809372e-06,5.048165188493196e-07,Quercus_Greggii,Quercus_Trojana,Quercus_Pubescens
255,73.0,71.0,60.0,1.0,9.08935022805476e-07,3.085979347549358e-07,Quercus_Phellos,Quercus_Nigra,Quercus_Coccinea
261,94.0,54.0,13.0,1.0,1.1783682255489481e-06,6.915696545462313e-07,Tilia_Platyphyllos,Quercus_Brantii,Alnus_Rubra
264,94.0,92.0,12.0,1.0,1.4086353138117949e-05,3.464477224081941e-06,Tilia_Platyphyllos,Sorbus_Aria,Alnus_Maximowiczii
266,68.0,26.0,31.0,1.0,8.984229431989733e-06,4.729516905867106e-06,Quercus_Imbricaria,Cotinus_Coggygria,Eucalyptus_Urnigera
271,31.0,68.0,29.0,1.0,7.440153973813735e-07,2.212204765146717e-07,Eucalyptus_Urnigera,Quercus_Imbricaria,Eucalyptus_Glaucescens
272,9.0,17.0,15.0,1.0,9.451716235299087e-07,8.387422457661188e-07,Acer_Rufinerve,Betula_Austrosinensis,Alnus_Viridis
274,89.0,75.0,57.0,1.0,1.0050449970702972e-07,4.7033440138875806e-08,Rhododendron_x_Russellianum,Quercus_Pontica,Quercus_Cerris
276,61.0,26.0,87.0,1.0,8.193605576646733e-07,1.2555121729964807e-07,Quercus_Crassifolia,Cotinus_Coggygria,Quercus_x_Hispanica
277,88.0,51.0,77.0,1.0,2.4998529539054277e-06,1.8748958906807104e-06,Quercus_x_Turneri,Quercus_Afares,Quercus_Pyrenaica
279,7.0,48.0,46.0,1.0,1.301133709169318e-06,8.84663660119377e-07,Acer_Platanoids,Prunus_Avium,Populus_Grandidentata
281,58.0,41.0,35.0,1.0,4.720086463140265e-07,3.84297209230454e-07,Quercus_Chrysolepis,Magnolia_Salicifolia,Ilex_Cornuta
284,35.0,3.0,32.0,1.0,4.190532651368405e-07,3.8177552746746197e-07,Ilex_Cornuta,Acer_Mono,Fagus_Sylvatica
285,91.0,3.0,35.0,1.0,5.183153018618512e-06,4.032908347076436e-06,Salix_Intergra,Acer_Mono,Ilex_Cornuta
287,61.0,63.0,92.0,1.0,3.3101019418690126e-06,2.17007657619551e-06,Quercus_Crassifolia,Quercus_Dolicholepis,Sorbus_Aria
292,18.0,48.0,58.0,1.0,5.7749727616197166e-08,5.313886511574708e-08,Betula_Pendula,Prunus_Avium,Quercus_Chrysolepis
293,76.0,65.0,27.0,1.0,2.454033487340683e-06,2.4041902008406364e-06,Quercus_Pubescens,Quercus_Greggii,Crataegus_Monogyna
295,28.0,67.0,98.0,1.0,3.124211346681317e-06,7.165131804230163e-07,Cytisus_Battandieri,Quercus_Ilex,Viburnum_x_Rhytidophylloides
296,52.0,84.0,85.0,1.0,6.179763441297458e-06,8.801128330876078e-07,Quercus_Agrifolia,Quercus_Trojana,Quercus_Variabilis
297,32.0,45.0,33.0,1.0,5.6621503868514434e-06,9.280489247366643e-07,Fagus_Sylvatica,Populus_Adenopoda,Ginkgo_Biloba
299,40.0,39.0,24.0,1.0,6.452501871804275e-07,5.426598129994433e-08,Magnolia_Heptapeta,Lithocarpus_Edulis,Cornus_Controversa
300,24.0,25.0,39.0,1.0,3.993225733590216e-06,2.7212153044757804e-06,Cornus_Controversa,Cornus_Macrophylla,Lithocarpus_Edulis
301,69.0,25.0,1.0,0.6402430857203193,0.3597569142796807,0.0,Quercus_Infectoria_sub,Cornus_Macrophylla,Acer_Capillipes
305,3.0,60.0,40.0,1.0,2.705694621828348e-06,1.4066905645604903e-06,Acer_Mono,Quercus_Coccinea,Magnolia_Heptapeta
308,42.0,49.0,95.0,1.0,9.695524399276897e-08,2.5580743768228033e-08,Morus_Nigra,Prunus_X_Shmittii,Tilia_Tomentosa
312,62.0,55.0,97.0,1.0,7.714932528627595e-08,4.480369635413191e-08,Quercus_Crassipes,Quercus_Canariensis,Viburnum_Tinus
313,25.0,24.0,62.0,1.0,1.5057149417225978e-06,7.132383286260782e-07,Cornus_Macrophylla,Cornus_Controversa,Quercus_Crassipes
316,98.0,78.0,28.0,1.0,1.4391428346577944e-07,7.673673856430794e-08,Viburnum_x_Rhytidophylloides,Quercus_Rhysophylla,Cytisus_Battandieri
318,30.0,16.0,29.0,1.0,4.955531930026543e-06,4.896981841736829e-06,Eucalyptus_Neglecta,Arundinaria_Simonii,Eucalyptus_Glaucescens
320,29.0,30.0,1.0,0.6835512985188451,0.3164487014811547,0.0,Eucalyptus_Glaucescens,Eucalyptus_Neglecta,Acer_Capillipes
332,69.0,87.0,31.0,1.0,4.373645009741942e-06,5.864787366565927e-07,Quercus_Infectoria_sub,Quercus_x_Hispanica,Eucalyptus_Urnigera
337,82.0,70.0,59.0,1.0,6.125309438492163e-07,5.357014812886657e-07,Quercus_Suber,Quercus_Kewensis,Quercus_Coccifera
343,43.0,67.0,62.0,1.0,2.220840276366746e-06,6.227170579374191e-07,Olea_Europaea,Quercus_Ilex,Quercus_Crassipes
346,52.0,84.0,27.0,1.0,5.283527196271333e-06,7.070303873867191e-07,Quercus_Agrifolia,Quercus_Trojana,Crataegus_Monogyna
347,87.0,70.0,69.0,1.0,8.832291729602382e-06,6.856775817168487e-06,Quercus_x_Hispanica,Quercus_Kewensis,Quercus_Infectoria_sub
351,63.0,53.0,29.0,1.0,1.1346862170698576e-06,7.20927307195441e-07,Quercus_Dolicholepis,Quercus_Alnifolia,Eucalyptus_Glaucescens
352,61.0,26.0,19.0,1.0,1.4676270462139662e-07,8.953977763849372e-08,Quercus_Crassifolia,Cotinus_Coggygria,Callicarpa_Bodinieri
353,53.0,82.0,93.0,1.0,5.376524576058839e-06,1.3142951038304078e-06,Quercus_Alnifolia,Quercus_Suber,Tilia_Oliveri
359,96.0,12.0,15.0,1.0,5.1794628478698416e-06,3.048252140600438e-06,Ulmus_Bergmanniana,Alnus_Maximowiczii,Alnus_Viridis
361,65.0,94.0,36.0,1.0,2.5063596381880402e-06,3.714862872768414e-07,Quercus_Greggii,Tilia_Platyphyllos,Liquidambar_Styraciflua
368,43.0,82.0,59.0,1.0,4.534823144281823e-07,1.974959635871782e-07,Olea_Europaea,Quercus_Suber,Quercus_Coccifera
370,97.0,35.0,28.0,1.0,8.697204854299056e-06,2.3569647038677747e-06,Viburnum_Tinus,Ilex_Cornuta,Cytisus_Battandieri
372,96.0,15.0,49.0,1.0,1.8156837703686116e-06,1.0442055102472057e-06,Ulmus_Bergmanniana,Alnus_Viridis,Prunus_X_Shmittii
373,21.0,92.0,75.0,1.0,5.570914655875925e-07,3.862086122935223e-07,Celtis_Koraiensis,Sorbus_Aria,Quercus_Pontica
378,60.0,79.0,81.0,1.0,5.690155491944894e-07,4.0816007188527534e-07,Quercus_Coccinea,Quercus_Rubra,Quercus_Shumardii
381,36.0,5.0,81.0,1.0,6.360165820996724e-07,6.016404203012016e-07,Liquidambar_Styraciflua,Acer_Palmatum,Quercus_Shumardii
384,87.0,53.0,74.0,1.0,1.1473176998884223e-06,7.225957761955793e-07,Quercus_x_Hispanica,Quercus_Alnifolia,Quercus_Phillyraeoides
385,2.0,27.0,17.0,1.0,1.563293182421076e-06,6.634876354958445e-07,Acer_Circinatum,Crataegus_Monogyna,Betula_Austrosinensis
391,27.0,6.0,57.0,1.0,2.882124326487354e-06,1.9092887296181873e-06,Crataegus_Monogyna,Acer_Pictum,Quercus_Cerris
395,39.0,40.0,97.0,1.0,3.56326343275103e-06,1.4548447937008203e-07,Lithocarpus_Edulis,Magnolia_Heptapeta,Viburnum_Tinus
399,44.0,97.0,25.0,1.0,1.088430291352253e-05,4.772299954639875e-07,Phildelphus,Viburnum_Tinus,Cornus_Macrophylla
400,76.0,84.0,65.0,1.0,7.419520493166253e-06,2.3677738858067926e-06,Quercus_Pubescens,Quercus_Trojana,Quercus_Greggii
401,21.0,75.0,66.0,1.0,1.6875523713965792e-06,1.5279164207629138e-06,Celtis_Koraiensis,Quercus_Pontica,Quercus_Hartwissiana
402,61.0,63.0,53.0,1.0,4.816678332925254e-06,3.3107026892278995e-06,Quercus_Crassifolia,Quercus_Dolicholepis,Quercus_Alnifolia
403,47.0,75.0,52.0,1.0,2.1113132144970316e-06,8.554536123928075e-07,Populus_Nigra,Quercus_Pontica,Quercus_Agrifolia
405,80.0,37.0,82.0,1.0,3.193505894213085e-06,2.619042623618522e-06,Quercus_Semecarpifolia,Liriodendron_Tulipifera,Quercus_Suber
406,23.0,68.0,25.0,1.0,2.431797547696002e-06,2.5442271676874146e-07,Cornus_Chinensis,Quercus_Imbricaria,Cornus_Macrophylla
407,80.0,53.0,63.0,1.0,2.894126425578834e-06,1.9228170691367175e-07,Quercus_Semecarpifolia,Quercus_Alnifolia,Quercus_Dolicholepis
414,70.0,54.0,1.0,0.6872018399918431,0.3127981600081568,0.0,Quercus_Kewensis,Quercus_Brantii,Acer_Capillipes
421,88.0,68.0,41.0,1.0,7.075706359648131e-06,1.9668658441307005e-06,Quercus_x_Turneri,Quercus_Imbricaria,Magnolia_Salicifolia
422,66.0,55.0,34.0,1.0,7.70078605732838e-06,2.379162236287936e-06,Quercus_Hartwissiana,Quercus_Canariensis,Ilex_Aquifolium
424,98.0,78.0,44.0,1.0,9.41805015728095e-07,4.118407346162018e-07,Viburnum_x_Rhytidophylloides,Quercus_Rhysophylla,Phildelphus
429,76.0,65.0,57.0,1.0,1.0518832202037442e-07,9.139767918408502e-08,Quercus_Pubescens,Quercus_Greggii,Quercus_Cerris
432,22.0,65.0,40.0,1.0,1.3222092344356428e-07,4.778246028404278e-08,Cercis_Siliquastrum,Quercus_Greggii,Magnolia_Heptapeta
434,30.0,38.0,29.0,1.0,1.6468868288513578e-07,1.0193816862675135e-07,Eucalyptus_Neglecta,Lithocarpus_Cleistocarpus,Eucalyptus_Glaucescens
439,22.0,69.0,39.0,1.0,1.384704419940486e-06,1.4288576253974394e-07,Cercis_Siliquastrum,Quercus_Infectoria_sub,Lithocarpus_Edulis
441,12.0,96.0,49.0,1.0,1.292998517090825e-06,2.653429663538886e-07,Alnus_Maximowiczii,Ulmus_Bergmanniana,Prunus_X_Shmittii
442,11.0,93.0,50.0,1.0,1.7601595335363317e-06,6.566450050844401e-07,Alnus_Cordata,Tilia_Oliveri,Pterocarya_Stenoptera
447,59.0,83.0,90.0,1.0,1.4712438303545304e-07,1.2916515911964947e-07,Quercus_Coccifera,Quercus_Texana,Salix_Fragilis
448,95.0,4.0,84.0,1.0,3.6295876253677934e-06,1.3452526107729981e-06,Tilia_Tomentosa,Acer_Opalus,Quercus_Trojana
453,28.0,98.0,63.0,1.0,6.7998536031250155e-06,4.3396188090655437e-07,Cytisus_Battandieri,Viburnum_x_Rhytidophylloides,Quercus_Dolicholepis
457,23.0,63.0,78.0,1.0,3.300481600654965e-06,1.910399406285335e-06,Cornus_Chinensis,Quercus_Dolicholepis,Quercus_Rhysophylla
465,16.0,34.0,29.0,1.0,4.772233548861942e-07,1.500075200832405e-07,Arundinaria_Simonii,Ilex_Aquifolium,Eucalyptus_Glaucescens
471,46.0,85.0,59.0,1.0,1.7419281088608223e-07,1.7116919291155234e-07,Populus_Grandidentata,Quercus_Variabilis,Quercus_Coccifera
472,90.0,59.0,91.0,1.0,3.50987535445317e-06,2.620629819532454e-06,Salix_Fragilis,Quercus_Coccifera,Salix_Intergra
473,55.0,56.0,10.0,1.0,8.533355857669582e-07,7.28395344559371e-07,Quercus_Canariensis,Quercus_Castaneifolia,Acer_Saccharinum
474,44.0,87.0,19.0,1.0,1.0180311796744714e-07,6.699207327920091e-08,Phildelphus,Quercus_x_Hispanica,Callicarpa_Bodinieri
476,6.0,79.0,36.0,1.0,3.2226728832306607e-06,1.5609116234597859e-06,Acer_Pictum,Quercus_Rubra,Liquidambar_Styraciflua
477,24.0,60.0,71.0,1.0,3.50898898778674e-08,2.4668055083567987e-08,Cornus_Controversa,Quercus_Coccinea,Quercus_Nigra
479,95.0,42.0,4.0,1.0,4.007299202299016e-07,2.87615797974119e-07,Tilia_Tomentosa,Morus_Nigra,Acer_Opalus
480,41.0,40.0,38.0,1.0,7.376491744604974e-06,2.646454828846217e-06,Magnolia_Salicifolia,Magnolia_Heptapeta,Lithocarpus_Cleistocarpus
483,50.0,19.0,8.0,1.0,2.2224085363786357e-06,2.203437609335139e-06,Pterocarya_Stenoptera,Callicarpa_Bodinieri,Acer_Rubrum
484,90.0,50.0,12.0,1.0,9.896168230893727e-07,7.832002183746048e-07,Salix_Fragilis,Pterocarya_Stenoptera,Alnus_Maximowiczii
486,73.0,89.0,79.0,1.0,1.3606076162710838e-06,6.214523423121835e-07,Quercus_Phellos,Rhododendron_x_Russellianum,Quercus_Rubra
495,37.0,23.0,97.0,1.0,1.5611342157334466e-06,9.018399119744081e-07,Liriodendron_Tulipifera,Cornus_Chinensis,Viburnum_Tinus
500,12.0,93.0,9.0,1.0,3.038273269039275e-06,1.914905161747743e-06,Alnus_Maximowiczii,Tilia_Oliveri,Acer_Rufinerve
503,82.0,91.0,3.0,1.0,5.540727666951507e-06,3.277956640653408e-06,Quercus_Suber,Salix_Intergra,Acer_Mono
504,96.0,90.0,48.0,1.0,5.364191568428528e-06,3.7362347696621787e-06,Ulmus_Bergmanniana,Salix_Fragilis,Prunus_Avium
507,19.0,1.0,50.0,1.0,8.714806651259316e-07,4.5406306995858263e-07,Callicarpa_Bodinieri,Acer_Capillipes,Pterocarya_Stenoptera
509,92.0,94.0,13.0,1.0,7.100293026536517e-06,3.6037211353960637e-06,Sorbus_Aria,Tilia_Platyphyllos,Alnus_Rubra
512,30.0,38.0,56.0,1.0,2.3351440063960765e-06,6.99048277694138e-07,Eucalyptus_Neglecta,Lithocarpus_Cleistocarpus,Quercus_Castaneifolia
515,65.0,52.0,84.0,1.0,1.5685983172842713e-06,9.89757499891051e-07,Quercus_Greggii,Quercus_Agrifolia,Quercus_Trojana
518,81.0,14.0,79.0,1.0,3.2349537404405175e-07,2.3675638614576813e-07,Quercus_Shumardii,Alnus_Sieboldiana,Quercus_Rubra
525,7.0,31.0,80.0,1.0,2.031365104857958e-06,1.8097552807985367e-06,Acer_Platanoids,Eucalyptus_Urnigera,Quercus_Semecarpifolia
526,79.0,73.0,64.0,1.0,1.635826608746421e-06,9.958299519305813e-07,Quercus_Rubra,Quercus_Phellos,Quercus_Ellipsoidalis
527,46.0,80.0,59.0,1.0,7.910217216464454e-07,7.807791838246194e-07,Populus_Grandidentata,Quercus_Semecarpifolia,Quercus_Coccifera
529,29.0,6.0,16.0,1.0,5.820822322227572e-07,3.392189838269997e-07,Eucalyptus_Glaucescens,Acer_Pictum,Arundinaria_Simonii
531,10.0,79.0,81.0,1.0,2.5049947602820368e-06,1.0413938315586323e-06,Acer_Saccharinum,Quercus_Rubra,Quercus_Shumardii
533,79.0,6.0,89.0,1.0,2.7825635913259164e-08,1.2711713232586553e-08,Quercus_Rubra,Acer_Pictum,Rhododendron_x_Russellianum
534,91.0,70.0,62.0,1.0,5.509087852484113e-06,3.2049568751155257e-06,Salix_Intergra,Quercus_Kewensis,Quercus_Crassipes
536,45.0,36.0,11.0,1.0,2.36666585953184e-06,8.383157005884816e-07,Populus_Adenopoda,Liquidambar_Styraciflua,Alnus_Cordata
537,90.0,96.0,59.0,1.0,5.031933571630983e-07,3.2355918951739995e-07,Salix_Fragilis,Ulmus_Bergmanniana,Quercus_Coccifera
540,93.0,8.0,11.0,1.0,4.7330148389675845e-06,3.7474996251478017e-06,Tilia_Oliveri,Acer_Rubrum,Alnus_Cordata
541,14.0,81.0,12.0,1.0,5.396996142996125e-06,3.11464954939273e-06,Alnus_Sieboldiana,Quercus_Shumardii,Alnus_Maximowiczii
544,3.0,60.0,26.0,1.0,3.9033728125835767e-07,1.755661931383817e-07,Acer_Mono,Quercus_Coccinea,Cotinus_Coggygria
546,60.0,64.0,72.0,1.0,4.396754823417433e-06,2.1209141376950048e-06,Quercus_Coccinea,Quercus_Ellipsoidalis,Quercus_Palustris
549,1.0,66.0,19.0,1.0,2.9527894073813077e-06,1.5917551889358742e-06,Acer_Capillipes,Quercus_Hartwissiana,Callicarpa_Bodinieri
554,97.0,37.0,44.0,1.0,1.2149334260781207e-06,9.257398067696999e-07,Viburnum_Tinus,Liriodendron_Tulipifera,Phildelphus
555,71.0,24.0,30.0,1.0,3.491473541980231e-06,2.474622165907076e-06,Quercus_Nigra,Cornus_Controversa,Eucalyptus_Neglecta
557,33.0,45.0,20.0,1.0,6.078944126458238e-08,5.374511016968089e-08,Ginkgo_Biloba,Populus_Adenopoda,Castanea_Sativa
560,30.0,56.0,29.0,1.0,2.7644843711176183e-06,1.9421821398328247e-06,Eucalyptus_Neglecta,Quercus_Castaneifolia,Eucalyptus_Glaucescens
565,79.0,84.0,78.0,1.0,8.894364114277618e-07,3.132552614170246e-07,Quercus_Rubra,Quercus_Trojana,Quercus_Rhysophylla
567,92.0,13.0,63.0,1.0,4.0069107706289115e-07,1.5141101592092096e-07,Sorbus_Aria,Alnus_Rubra,Quercus_Dolicholepis
574,56.0,70.0,85.0,1.0,5.840730682908475e-06,4.671223411470432e-06,Quercus_Castaneifolia,Quercus_Kewensis,Quercus_Variabilis
575,45.0,78.0,11.0,1.0,2.753992248920035e-06,7.847487662625512e-07,Populus_Adenopoda,Quercus_Rhysophylla,Alnus_Cordata
577,39.0,58.0,37.0,1.0,3.3138102458863354e-06,2.9631020710586236e-06,Lithocarpus_Edulis,Quercus_Chrysolepis,Liriodendron_Tulipifera
578,6.0,57.0,36.0,1.0,8.723387370961104e-07,8.524247204068414e-07,Acer_Pictum,Quercus_Cerris,Liquidambar_Styraciflua
579,61.0,63.0,92.0,1.0,3.479128888118591e-06,8.281462843368964e-07,Quercus_Crassifolia,Quercus_Dolicholepis,Sorbus_Aria
580,50.0,94.0,19.0,1.0,3.550582277884263e-06,2.8936315414936e-06,Pterocarya_Stenoptera,Tilia_Platyphyllos,Callicarpa_Bodinieri
583,59.0,82.0,46.0,1.0,3.8692303139579895e-06,8.450723607883552e-07,Quercus_Coccifera,Quercus_Suber,Populus_Grandidentata
584,95.0,96.0,18.0,1.0,9.22417908877737e-06,5.993439186242471e-07,Tilia_Tomentosa,Ulmus_Bergmanniana,Betula_Pendula
586,68.0,23.0,31.0,1.0,7.623982997189925e-07,5.232337481688605e-07,Quercus_Imbricaria,Cornus_Chinensis,Eucalyptus_Urnigera
587,93.0,8.0,74.0,1.0,9.875035785610712e-06,1.582328351430008e-06,Tilia_Oliveri,Acer_Rubrum,Quercus_Phillyraeoides
590,89.0,75.0,57.0,1.0,5.2569017146559233e-08,4.7078966448740867e-08,Rhododendron_x_Russellianum,Quercus_Pontica,Quercus_Cerris
591,91.0,69.0,62.0,1.0,8.12453227969459e-07,6.020543273407007e-08,Salix_Intergra,Quercus_Infectoria_sub,Quercus_Crassipes
594,80.0,34.0,24.0,1.0,9.456582110298776e-06,7.3703341003417405e-06,Quercus_Semecarpifolia,Ilex_Aquifolium,Cornus_Controversa
599,26.0,23.0,63.0,1.0,4.2778270517700596e-07,4.268784065858965e-07,Cotinus_Coggygria,Cornus_Chinensis,Quercus_Dolicholepis
602,38.0,41.0,39.0,1.0,1.1634641404096523e-05,2.1032304778730224e-06,Lithocarpus_Cleistocarpus,Magnolia_Salicifolia,Lithocarpus_Edulis
604,19.0,50.0,87.0,1.0,6.781372807224745e-06,3.1284957485416187e-06,Callicarpa_Bodinieri,Pterocarya_Stenoptera,Quercus_x_Hispanica
607,1.0,21.0,19.0,1.0,1.6188566942991895e-06,1.2597493761986038e-06,Acer_Capillipes,Celtis_Koraiensis,Callicarpa_Bodinieri
608,77.0,60.0,70.0,1.0,6.719899915436406e-07,5.124281727930451e-07,Quercus_Pyrenaica,Quercus_Coccinea,Quercus_Kewensis
611,28.0,63.0,98.0,1.0,1.6284020861427002e-06,4.11735929617242e-07,Cytisus_Battandieri,Quercus_Dolicholepis,Viburnum_x_Rhytidophylloides
612,71.0,34.0,24.0,1.0,1.2499344154932289e-06,1.1722864951167777e-06,Quercus_Nigra,Ilex_Aquifolium,Cornus_Controversa
613,72.0,81.0,6.0,1.0,4.763384516088679e-06,9.004050217972239e-07,Quercus_Palustris,Quercus_Shumardii,Acer_Pictum
617,45.0,58.0,3.0,1.0,1.762927619107809e-06,1.5109762645788436e-06,Populus_Adenopoda,Quercus_Chrysolepis,Acer_Mono
624,71.0,66.0,16.0,1.0,9.63394606380123e-08,8.738478318405677e-08,Quercus_Nigra,Quercus_Hartwissiana,Arundinaria_Simonii
625,33.0,6.0,85.0,1.0,1.885642115709633e-06,1.6300579872287625e-06,Ginkgo_Biloba,Acer_Pictum,Quercus_Variabilis
626,91.0,70.0,44.0,1.0,4.31354632149517e-06,3.6395603936365703e-06,Salix_Intergra,Quercus_Kewensis,Phildelphus
627,31.0,68.0,99.0,1.0,9.082110125102297e-07,3.712724358000583e-07,Eucalyptus_Urnigera,Quercus_Imbricaria,Zelkova_Serrata
638,83.0,7.0,64.0,1.0,1.950399349417393e-06,1.1821035462966765e-06,Quercus_Texana,Acer_Platanoids,Quercus_Ellipsoidalis
639,35.0,41.0,3.0,1.0,1.0707235063571283e-05,1.9822916127440826e-06,Ilex_Cornuta,Magnolia_Salicifolia,Acer_Mono
640,31.0,29.0,26.0,1.0,2.1487405806941178e-06,1.561533970701836e-06,Eucalyptus_Urnigera,Eucalyptus_Glaucescens,Cotinus_Coggygria
643,83.0,59.0,88.0,1.0,3.947390856971287e-06,1.3472932373460944e-06,Quercus_Texana,Quercus_Coccifera,Quercus_x_Turneri
644,97.0,82.0,44.0,1.0,2.530364438491777e-06,5.426469508371974e-07,Viburnum_Tinus,Quercus_Suber,Phildelphus
648,49.0,48.0,13.0,1.0,2.8942011355547974e-06,1.032026923193805e-06,Prunus_X_Shmittii,Prunus_Avium,Alnus_Rubra
650,66.0,55.0,99.0,1.0,5.002444476224372e-06,1.888053329954676e-06,Quercus_Hartwissiana,Quercus_Canariensis,Zelkova_Serrata
653,58.0,68.0,63.0,1.0,4.286728131334629e-06,9.505002640646516e-07,Quercus_Chrysolepis,Quercus_Imbricaria,Quercus_Dolicholepis
655,65.0,57.0,52.0,1.0,6.887238299717433e-07,8.42828209543998e-08,Quercus_Greggii,Quercus_Cerris,Quercus_Agrifolia
658,27.0,64.0,6.0,1.0,1.6845516456641818e-06,1.543714210652676e-06,Crataegus_Monogyna,Quercus_Ellipsoidalis,Acer_Pictum
659,54.0,99.0,57.0,1.0,8.718274710835529e-07,5.417206281825445e-07,Quercus_Brantii,Zelkova_Serrata,Quercus_Cerris
665,56.0,54.0,70.0,1.0,6.093786334081572e-06,3.4215285348821274e-06,Quercus_Castaneifolia,Quercus_Brantii,Quercus_Kewensis
666,74.0,31.0,63.0,1.0,6.596050540745733e-07,3.6908869747516353e-07,Quercus_Phillyraeoides,Eucalyptus_Urnigera,Quercus_Dolicholepis
668,10.0,1.0,21.0,1.0,2.2094829487909303e-06,1.0744145635803303e-06,Acer_Saccharinum,Acer_Capillipes,Celtis_Koraiensis
670,4.0,95.0,8.0,1.0,1.3829461635441215e-06,8.894512045787885e-07,Acer_Opalus,Tilia_Tomentosa,Acer_Rubrum
674,84.0,52.0,32.0,1.0,3.9192469644794785e-06,1.5118552542051666e-06,Quercus_Trojana,Quercus_Agrifolia,Fagus_Sylvatica
679,27.0,49.0,13.0,1.0,2.196051219175528e-06,1.5510876241445185e-06,Crataegus_Monogyna,Prunus_X_Shmittii,Alnus_Rubra
683,31.0,30.0,29.0,1.0,5.218132458953624e-06,1.8628424795946042e-06,Eucalyptus_Urnigera,Eucalyptus_Neglecta,Eucalyptus_Glaucescens
686,64.0,79.0,83.0,1.0,1.371018078744179e-07,6.492280267060706e-08,Quercus_Ellipsoidalis,Quercus_Rubra,Quercus_Texana
687,18.0,49.0,48.0,1.0,1.1452723984799942e-06,5.674603454496087e-07,Betula_Pendula,Prunus_X_Shmittii,Prunus_Avium
688,23.0,30.0,68.0,1.0,7.38389079498059e-07,5.047799865735936e-07,Cornus_Chinensis,Eucalyptus_Neglecta,Quercus_Imbricaria
690,80.0,31.0,74.0,1.0,3.0968270356051293e-06,1.4386444112499886e-06,Quercus_Semecarpifolia,Eucalyptus_Urnigera,Quercus_Phillyraeoides
691,64.0,72.0,79.0,1.0,4.920782951431768e-06,1.9896383706007095e-06,Quercus_Ellipsoidalis,Quercus_Palustris,Quercus_Rubra
696,13.0,92.0,11.0,1.0,1.9666883530697334e-06,3.178157032881512e-07,Alnus_Rubra,Sorbus_Aria,Alnus_Cordata
699,79.0,6.0,78.0,1.0,1.3793142550081847e-06,6.97981692635547e-07,Quercus_Rubra,Acer_Pictum,Quercus_Rhysophylla
701,37.0,39.0,46.0,1.0,2.15472227906704e-06,1.6165695837767362e-06,Liriodendron_Tulipifera,Lithocarpus_Edulis,Populus_Grandidentata
702,15.0,12.0,17.0,1.0,9.499472771976736e-06,1.0942890982722623e-06,Alnus_Viridis,Alnus_Maximowiczii,Betula_Austrosinensis
703,28.0,35.0,58.0,1.0,5.1712768893373954e-08,4.1948419362160204e-08,Cytisus_Battandieri,Ilex_Cornuta,Quercus_Chrysolepis
705,26.0,32.0,61.0,1.0,3.3359852704537107e-06,1.5745212179207112e-06,Cotinus_Coggygria,Fagus_Sylvatica,Quercus_Crassifolia
707,68.0,23.0,71.0,1.0,1.1958238191790601e-05,5.50415740604161e-06,Quercus_Imbricaria,Cornus_Chinensis,Quercus_Nigra
708,39.0,37.0,58.0,1.0,3.959251372901523e-06,9.495124862625338e-07,Lithocarpus_Edulis,Liriodendron_Tulipifera,Quercus_Chrysolepis
715,21.0,49.0,81.0,1.0,3.182512125186968e-06,2.355225715694338e-06,Celtis_Koraiensis,Prunus_X_Shmittii,Quercus_Shumardii
719,55.0,24.0,56.0,1.0,5.598381416107475e-07,5.556774801424132e-07,Quercus_Canariensis,Cornus_Controversa,Quercus_Castaneifolia
723,77.0,88.0,40.0,1.0,1.4115053890444825e-06,2.124299854742582e-07,Quercus_Pyrenaica,Quercus_x_Turneri,Magnolia_Heptapeta
725,70.0,44.0,77.0,1.0,2.7925719108863697e-06,2.275555478206993e-06,Quercus_Kewensis,Phildelphus,Quercus_Pyrenaica
729,68.0,88.0,41.0,1.0,1.2220561139624587e-05,3.0394643569922637e-06,Quercus_Imbricaria,Quercus_x_Turneri,Magnolia_Salicifolia
731,98.0,52.0,89.0,1.0,2.843946518519352e-06,1.8791906409313772e-06,Viburnum_x_Rhytidophylloides,Quercus_Agrifolia,Rhododendron_x_Russellianum
734,81.0,71.0,14.0,1.0,6.634872546597582e-08,1.3821761586501851e-08,Quercus_Shumardii,Quercus_Nigra,Alnus_Sieboldiana
735,45.0,28.0,58.0,1.0,1.2999530731280265e-06,1.2157468619248466e-06,Populus_Adenopoda,Cytisus_Battandieri,Quercus_Chrysolepis
736,93.0,94.0,11.0,1.0,2.7548588471825153e-06,1.9316650088156006e-06,Tilia_Oliveri,Tilia_Platyphyllos,Alnus_Cordata
739,70.0,87.0,51.0,1.0,7.160375876872305e-06,2.7866815942855376e-06,Quercus_Kewensis,Quercus_x_Hispanica,Quercus_Afares
743,24.0,21.0,40.0,1.0,9.604831857610606e-07,8.805528500427715e-07,Cornus_Controversa,Celtis_Koraiensis,Magnolia_Heptapeta
744,22.0,98.0,32.0,1.0,1.739623058480799e-06,1.3173264654964192e-06,Cercis_Siliquastrum,Viburnum_x_Rhytidophylloides,Fagus_Sylvatica
746,17.0,85.0,9.0,1.0,2.653661389160241e-06,1.6112841231583478e-06,Betula_Austrosinensis,Quercus_Variabilis,Acer_Rufinerve
750,52.0,65.0,47.0,1.0,1.5609359460654228e-06,4.0972579145485323e-07,Quercus_Agrifolia,Quercus_Greggii,Populus_Nigra
751,34.0,46.0,66.0,1.0,6.901241855024032e-07,2.1609927030842794e-07,Ilex_Aquifolium,Populus_Grandidentata,Quercus_Hartwissiana
761,78.0,17.0,45.0,1.0,1.0353913399755817e-06,5.26794466391847e-07,Quercus_Rhysophylla,Betula_Austrosinensis,Populus_Adenopoda
764,17.0,96.0,2.0,1.0,2.7078784474741083e-06,2.4847013621554993e-06,Betula_Austrosinensis,Ulmus_Bergmanniana,Acer_Circinatum
770,12.0,50.0,19.0,1.0,3.883302567949803e-06,2.763236639431698e-06,Alnus_Maximowiczii,Pterocarya_Stenoptera,Callicarpa_Bodinieri
773,98.0,28.0,78.0,1.0,1.7893686635266192e-05,6.765999532342413e-06,Viburnum_x_Rhytidophylloides,Cytisus_Battandieri,Quercus_Rhysophylla
775,2.0,27.0,20.0,1.0,1.8727495448979805e-07,1.542830252514501e-07,Acer_Circinatum,Crataegus_Monogyna,Castanea_Sativa
780,53.0,93.0,29.0,1.0,8.190603704272953e-07,1.757969733137976e-07,Quercus_Alnifolia,Tilia_Oliveri,Eucalyptus_Glaucescens
781,40.0,41.0,38.0,1.0,3.2044691383557183e-06,2.6250709899102214e-06,Magnolia_Heptapeta,Magnolia_Salicifolia,Lithocarpus_Cleistocarpus
782,25.0,29.0,44.0,1.0,8.487293604290942e-07,5.851982032917083e-07,Cornus_Macrophylla,Eucalyptus_Glaucescens,Phildelphus
783,53.0,18.0,80.0,1.0,8.670512712783966e-08,5.199089454482075e-08,Quercus_Alnifolia,Betula_Pendula,Quercus_Semecarpifolia
786,43.0,67.0,28.0,1.0,2.2695886595167806e-06,1.1824769350875093e-06,Olea_Europaea,Quercus_Ilex,Cytisus_Battandieri
790,18.0,53.0,84.0,1.0,8.120702028661969e-06,1.3279255734505194e-06,Betula_Pendula,Quercus_Alnifolia,Quercus_Trojana
791,3.0,35.0,31.0,1.0,7.180460167901626e-06,3.494382689140784e-06,Acer_Mono,Ilex_Cornuta,Eucalyptus_Urnigera
795,74.0,70.0,87.0,1.0,3.7329109171089047e-07,9.703617032942815e-08,Quercus_Phillyraeoides,Quercus_Kewensis,Quercus_x_Hispanica
799,97.0,44.0,63.0,1.0,1.846253339345745e-06,4.6900516455846274e-08,Viburnum_Tinus,Phildelphus,Quercus_Dolicholepis
804,84.0,32.0,51.0,1.0,2.8114922178264527e-06,2.5598639473958384e-06,Quercus_Trojana,Fagus_Sylvatica,Quercus_Afares
814,89.0,23.0,57.0,1.0,1.4282570900292122e-06,6.300247754029378e-07,Rhododendron_x_Russellianum,Cornus_Chinensis,Quercus_Cerris
817,10.0,21.0,81.0,1.0,1.6516960374628376e-06,9.764796749089889e-08,Acer_Saccharinum,Celtis_Koraiensis,Quercus_Shumardii
818,64.0,72.0,27.0,1.0,5.0951742084255066e-06,2.0862967961019257e-06,Quercus_Ellipsoidalis,Quercus_Palustris,Crataegus_Monogyna
819,51.0,87.0,42.0,1.0,1.7367289440542285e-07,1.2455755940172124e-07,Quercus_Afares,Quercus_x_Hispanica,Morus_Nigra
820,17.0,2.0,1.0,1.0,9.6080004605178e-07,6.822755545218161e-07,Betula_Austrosinensis,Acer_Circinatum,Acer_Capillipes
829,39.0,38.0,30.0,1.0,8.174826875719322e-06,3.3420506280454736e-06,Lithocarpus_Edulis,Lithocarpus_Cleistocarpus,Eucalyptus_Neglecta
830,88.0,77.0,83.0,1.0,4.134786510749582e-06,2.3945541614802524e-06,Quercus_x_Turneri,Quercus_Pyrenaica,Quercus_Texana
832,96.0,15.0,17.0,1.0,4.757566466522264e-07,3.7934494296721886e-07,Ulmus_Bergmanniana,Alnus_Viridis,Betula_Austrosinensis
833,4.0,13.0,33.0,1.0,3.395977081556926e-06,3.7483257878568045e-07,Acer_Opalus,Alnus_Rubra,Ginkgo_Biloba
834,36.0,9.0,11.0,1.0,1.9511973559643494e-06,1.020880268869229e-06,Liquidambar_Styraciflua,Acer_Rufinerve,Alnus_Cordata
835,84.0,27.0,52.0,1.0,1.6477978387273075e-06,3.790265668855336e-07,Quercus_Trojana,Crataegus_Monogyna,Quercus_Agrifolia
836,61.0,44.0,4.0,1.0,2.539708486997584e-06,3.476705364656584e-07,Quercus_Crassifolia,Phildelphus,Acer_Opalus
842,60.0,6.0,79.0,1.0,1.398747575280841e-06,5.580112926161114e-07,Quercus_Coccinea,Acer_Pictum,Quercus_Rubra
843,59.0,46.0,90.0,1.0,3.9399162082372006e-07,2.3751619633357636e-07,Quercus_Coccifera,Populus_Grandidentata,Salix_Fragilis
845,1.0,21.0,10.0,1.0,1.3711858847807415e-06,9.78156338978597e-07,Acer_Capillipes,Celtis_Koraiensis,Acer_Saccharinum
846,51.0,58.0,46.0,1.0,3.817746978063571e-06,3.4169773963712764e-06,Quercus_Afares,Quercus_Chrysolepis,Populus_Grandidentata
857,63.0,92.0,61.0,1.0,1.690203957904392e-06,3.3159611012460945e-07,Quercus_Dolicholepis,Sorbus_Aria,Quercus_Crassifolia
872,39.0,37.0,40.0,1.0,6.21247780457464e-07,5.270166511416073e-07,Lithocarpus_Edulis,Liriodendron_Tulipifera,Magnolia_Heptapeta
880,94.0,11.0,21.0,1.0,3.21819892861825e-06,6.400829203749195e-07,Tilia_Platyphyllos,Alnus_Cordata,Celtis_Koraiensis
884,69.0,55.0,66.0,1.0,1.1162992789325315e-05,5.091520386947775e-06,Quercus_Infectoria_sub,Quercus_Canariensis,Quercus_Hartwissiana
887,56.0,54.0,1.0,0.6339336561018851,0.3660663438981149,0.0,Quercus_Castaneifolia,Quercus_Brantii,Acer_Capillipes
888,47.0,52.0,75.0,1.0,2.3024746595618222e-07,1.0214031242685885e-07,Populus_Nigra,Quercus_Agrifolia,Quercus_Pontica
889,20.0,48.0,38.0,1.0,1.17380861087206e-05,6.45033816939116e-07,Castanea_Sativa,Prunus_Avium,Lithocarpus_Cleistocarpus
890,47.0,55.0,76.0,1.0,1.5514878255277505e-06,1.384994560116567e-06,Populus_Nigra,Quercus_Canariensis,Quercus_Pubescens
891,95.0,42.0,13.0,1.0,5.040865515081206e-06,7.988097918474067e-07,Tilia_Tomentosa,Morus_Nigra,Alnus_Rubra
895,19.0,50.0,90.0,1.0,2.6710238035669365e-06,2.398989970724902e-06,Callicarpa_Bodinieri,Pterocarya_Stenoptera,Salix_Fragilis
902,1.0,42.0,9.0,1.0,1.5754582996233252e-06,1.2073684959822768e-06,Acer_Capillipes,Morus_Nigra,Acer_Rufinerve
903,34.0,81.0,46.0,1.0,1.2996181782889078e-06,5.350176727815856e-07,Ilex_Aquifolium,Quercus_Shumardii,Populus_Grandidentata
905,90.0,70.0,74.0,1.0,3.2933054088913713e-06,5.635766966043339e-07,Salix_Fragilis,Quercus_Kewensis,Quercus_Phillyraeoides
909,41.0,38.0,88.0,1.0,3.23717610600228e-06,2.1845300898394895e-06,Magnolia_Salicifolia,Lithocarpus_Cleistocarpus,Quercus_x_Turneri
913,63.0,53.0,97.0,1.0,5.443001759838581e-06,2.402844726351167e-06,Quercus_Dolicholepis,Quercus_Alnifolia,Viburnum_Tinus
921,49.0,14.0,48.0,1.0,3.0072583443336397e-07,3.0014386052483846e-07,Prunus_X_Shmittii,Alnus_Sieboldiana,Prunus_Avium
922,43.0,35.0,37.0,1.0,4.924215338599889e-07,2.3513868933805623e-07,Olea_Europaea,Ilex_Cornuta,Liriodendron_Tulipifera
925,7.0,83.0,81.0,1.0,2.6660496523844314e-07,2.2946756987015946e-07,Acer_Platanoids,Quercus_Texana,Quercus_Shumardii
929,32.0,11.0,47.0,1.0,1.126260068236644e-06,8.675992104968399e-07,Fagus_Sylvatica,Alnus_Cordata,Populus_Nigra
930,92.0,13.0,21.0,1.0,3.859965562499223e-07,7.157931781923374e-08,Sorbus_Aria,Alnus_Rubra,Celtis_Koraiensis
935,74.0,43.0,97.0,1.0,2.2768582868715847e-07,6.75303206618881e-08,Quercus_Phillyraeoides,Olea_Europaea,Viburnum_Tinus
940,82.0,74.0,59.0,1.0,5.534962362723402e-07,4.328495433008739e-07,Quercus_Suber,Quercus_Phillyraeoides,Quercus_Coccifera
941,13.0,56.0,27.0,1.0,2.30325078942619e-06,1.7277732595575087e-06,Alnus_Rubra,Quercus_Castaneifolia,Crataegus_Monogyna
943,86.0,77.0,27.0,1.0,9.632370779148998e-07,1.0364647362673804e-07,Quercus_Vulcanica,Quercus_Pyrenaica,Crataegus_Monogyna
945,48.0,59.0,88.0,1.0,5.893434495763594e-06,3.2040247865971075e-06,Prunus_Avium,Quercus_Coccifera,Quercus_x_Turneri
946,7.0,83.0,46.0,1.0,5.649281892383605e-07,4.6634017018454763e-07,Acer_Platanoids,Quercus_Texana,Populus_Grandidentata
947,80.0,46.0,7.0,1.0,1.5319066035463048e-05,2.7570049442211397e-06,Quercus_Semecarpifolia,Populus_Grandidentata,Acer_Platanoids
950,3.0,41.0,82.0,1.0,3.728780129416486e-06,1.0719063067071675e-06,Acer_Mono,Magnolia_Salicifolia,Quercus_Suber
953,23.0,63.0,78.0,1.0,8.882685507251718e-07,7.784546314739747e-07,Cornus_Chinensis,Quercus_Dolicholepis,Quercus_Rhysophylla
957,36.0,81.0,34.0,1.0,7.43837732582045e-07,4.632717955434171e-07,Liquidambar_Styraciflua,Quercus_Shumardii,Ilex_Aquifolium
964,44.0,25.0,97.0,1.0,1.697353615392005e-06,7.512522907169987e-07,Phildelphus,Cornus_Macrophylla,Viburnum_Tinus
965,7.0,20.0,80.0,1.0,6.307796528924411e-07,5.645155770934811e-07,Acer_Platanoids,Castanea_Sativa,Quercus_Semecarpifolia
967,81.0,7.0,60.0,1.0,1.498303017013686e-06,1.4215451394014168e-06,Quercus_Shumardii,Acer_Platanoids,Quercus_Coccinea
973,79.0,52.0,57.0,1.0,1.264937793463974e-06,6.29051443807519e-07,Quercus_Rubra,Quercus_Agrifolia,Quercus_Cerris
974,83.0,60.0,64.0,1.0,2.795864547458065e-07,2.2333853921248042e-07,Quercus_Texana,Quercus_Coccinea,Quercus_Ellipsoidalis
977,6.0,16.0,43.0,1.0,2.8531275099281725e-07,2.6907891976542166e-07,Acer_Pictum,Arundinaria_Simonii,Olea_Europaea
980,62.0,97.0,91.0,1.0,2.5070570914414884e-06,4.904373043962515e-07,Quercus_Crassipes,Viburnum_Tinus,Salix_Intergra
982,38.0,40.0,41.0,1.0,1.1417330107916886e-06,5.58107903916918e-07,Lithocarpus_Cleistocarpus,Magnolia_Heptapeta,Magnolia_Salicifolia
984,44.0,25.0,4.0,1.0,8.656970108042839e-06,3.592799535918821e-06,Phildelphus,Cornus_Macrophylla,Acer_Opalus
986,34.0,66.0,47.0,1.0,1.2693346575792044e-06,5.434445038103913e-07,Ilex_Aquifolium,Quercus_Hartwissiana,Populus_Nigra
988,70.0,51.0,87.0,1.0,5.329592330546847e-06,2.249843306477296e-06,Quercus_Kewensis,Quercus_Afares,Quercus_x_Hispanica
991,57.0,76.0,89.0,1.0,4.995434261218052e-07,2.5452403359259394e-07,Quercus_Cerris,Quercus_Pubescens,Rhododendron_x_Russellianum
997,72.0,25.0,7.0,1.0,4.474283231303142e-07,3.694218486130171e-07,Quercus_Palustris,Cornus_Macrophylla,Acer_Platanoids
998,46.0,59.0,80.0,1.0,2.076233507801082e-06,1.656720592956308e-06,Populus_Grandidentata,Quercus_Coccifera,Quercus_Semecarpifolia
1008,60.0,73.0,77.0,1.0,1.3058085280576568e-07,1.297700766153571e-07,Quercus_Coccinea,Quercus_Phellos,Quercus_Pyrenaica
1009,43.0,35.0,6.0,1.0,1.0121518035108003e-05,1.3132474232363977e-06,Olea_Europaea,Ilex_Cornuta,Acer_Pictum
1012,67.0,28.0,78.0,1.0,2.866570704636699e-06,9.283437715800444e-07,Quercus_Ilex,Cytisus_Battandieri,Quercus_Rhysophylla
1015,87.0,70.0,74.0,1.0,1.985905854092819e-06,8.889774806540217e-08,Quercus_x_Hispanica,Quercus_Kewensis,Quercus_Phillyraeoides
1018,99.0,87.0,14.0,1.0,2.0789536765714504e-06,1.5017298406420457e-06,Zelkova_Serrata,Quercus_x_Hispanica,Alnus_Sieboldiana
1020,84.0,47.0,65.0,1.0,1.7273579517827832e-06,1.4008381857439553e-06,Quercus_Trojana,Populus_Nigra,Quercus_Greggii
1022,91.0,70.0,62.0,1.0,4.488141841718567e-06,2.491195697896974e-07,Salix_Intergra,Quercus_Kewensis,Quercus_Crassipes
1026,65.0,47.0,11.0,1.0,1.033013876409273e-06,2.634876825952221e-07,Quercus_Greggii,Populus_Nigra,Alnus_Cordata
1028,83.0,60.0,59.0,1.0,3.3026304379563613e-06,5.449749849405477e-07,Quercus_Texana,Quercus_Coccinea,Quercus_Coccifera
1029,12.0,15.0,8.0,1.0,2.6321265619026896e-06,6.262159244227123e-07,Alnus_Maximowiczii,Alnus_Viridis,Acer_Rubrum
1033,80.0,82.0,53.0,1.0,3.729015030973227e-06,2.7527162839450777e-06,Quercus_Semecarpifolia,Quercus_Suber,Quercus_Alnifolia
1035,57.0,89.0,47.0,1.0,6.642087094284106e-06,1.2546632163266818e-06,Quercus_Cerris,Rhododendron_x_Russellianum,Populus_Nigra
1038,77.0,88.0,51.0,1.0,4.3365871739918045e-06,2.0821243685279665e-06,Quercus_Pyrenaica,Quercus_x_Turneri,Quercus_Afares
1043,50.0,11.0,17.0,1.0,3.084347882759685e-06,2.194049156620777e-06,Pterocarya_Stenoptera,Alnus_Cordata,Betula_Austrosinensis
1044,49.0,42.0,48.0,1.0,3.443798974548538e-07,1.1513830270265018e-07,Prunus_X_Shmittii,Morus_Nigra,Prunus_Avium
1045,21.0,1.0,24.0,1.0,1.1409303870317324e-06,5.506937254217694e-07,Celtis_Koraiensis,Acer_Capillipes,Cornus_Controversa
1047,75.0,47.0,57.0,1.0,3.181500667151084e-07,2.780712968759428e-07,Quercus_Pontica,Populus_Nigra,Quercus_Cerris
1050,16.0,71.0,30.0,1.0,9.071380006608613e-07,5.613000473658692e-07,Arundinaria_Simonii,Quercus_Nigra,Eucalyptus_Neglecta
1053,34.0,23.0,47.0,1.0,8.806760878856751e-07,4.914131877416891e-07,Ilex_Aquifolium,Cornus_Chinensis,Populus_Nigra
1054,50.0,19.0,12.0,1.0,6.565186418510245e-07,6.525682949793477e-07,Pterocarya_Stenoptera,Callicarpa_Bodinieri,Alnus_Maximowiczii
1055,90.0,95.0,1.0,1.0,1.1005336134418411e-06,8.360545443253685e-07,Salix_Fragilis,Tilia_Tomentosa,Acer_Capillipes
1057,45.0,32.0,11.0,1.0,4.6672492269037855e-07,4.0599787740048624e-08,Populus_Adenopoda,Fagus_Sylvatica,Alnus_Cordata
1058,8.0,18.0,93.0,1.0,9.278363338816322e-07,5.419314862167216e-07,Acer_Rubrum,Betula_Pendula,Tilia_Oliveri
1060,36.0,6.0,5.0,1.0,6.317401722446938e-06,6.669253402027799e-07,Liquidambar_Styraciflua,Acer_Pictum,Acer_Palmatum
1063,14.0,15.0,81.0,1.0,2.4490520199270218e-06,2.7653642269881134e-07,Alnus_Sieboldiana,Alnus_Viridis,Quercus_Shumardii
1064,56.0,20.0,30.0,1.0,1.40092002738617e-06,7.978856596220009e-07,Quercus_Castaneifolia,Castanea_Sativa,Eucalyptus_Neglecta
1067,24.0,25.0,71.0,1.0,4.475492130411029e-06,2.729513100354192e-06,Cornus_Controversa,Cornus_Macrophylla,Quercus_Nigra
1068,35.0,39.0,91.0,1.0,1.2838952597515124e-06,2.2538453695212992e-07,Ilex_Cornuta,Lithocarpus_Edulis,Salix_Intergra
1069,45.0,32.0,3.0,1.0,1.5367794568428377e-07,9.001303835556674e-08,Populus_Adenopoda,Fagus_Sylvatica,Acer_Mono
1070,33.0,85.0,56.0,1.0,1.999904915280361e-06,1.7302285954484504e-06,Ginkgo_Biloba,Quercus_Variabilis,Quercus_Castaneifolia
1071,31.0,68.0,3.0,1.0,1.4998909519584927e-06,5.24076726226902e-07,Eucalyptus_Urnigera,Quercus_Imbricaria,Acer_Mono
1074,37.0,97.0,35.0,1.0,2.0203424133401595e-06,1.7874615096562757e-06,Liriodendron_Tulipifera,Viburnum_Tinus,Ilex_Cornuta
1075,10.0,21.0,81.0,1.0,7.498540759494434e-07,3.230787266156027e-07,Acer_Saccharinum,Celtis_Koraiensis,Quercus_Shumardii
1078,73.0,78.0,22.0,1.0,9.436486263607941e-07,9.257867103538399e-07,Quercus_Phellos,Quercus_Rhysophylla,Cercis_Siliquastrum
1079,32.0,52.0,11.0,1.0,3.5667290260912302e-06,2.9077620411132786e-06,Fagus_Sylvatica,Quercus_Agrifolia,Alnus_Cordata
1082,62.0,35.0,28.0,1.0,1.2043037807479898e-06,4.08358046953894e-07,Quercus_Crassipes,Ilex_Cornuta,Cytisus_Battandieri
1084,51.0,70.0,4.0,1.0,1.0573458379213833e-06,1.0662005502747792e-07,Quercus_Afares,Quercus_Kewensis,Acer_Opalus
1086,83.0,60.0,59.0,1.0,1.0164616682670459e-05,7.724848354432335e-07,Quercus_Texana,Quercus_Coccinea,Quercus_Coccifera
1091,35.0,91.0,31.0,1.0,5.430609093812981e-07,2.2921569829786893e-07,Ilex_Cornuta,Salix_Intergra,Eucalyptus_Urnigera
1092,30.0,29.0,56.0,1.0,6.400194607670853e-06,2.729327978710464e-06,Eucalyptus_Neglecta,Eucalyptus_Glaucescens,Quercus_Castaneifolia
1099,23.0,29.0,63.0,1.0,9.679764336248766e-06,2.844423729501249e-06,Cornus_Chinensis,Eucalyptus_Glaucescens,Quercus_Dolicholepis
1102,93.0,11.0,53.0,1.0,3.085091078596942e-06,1.8135789558438287e-06,Tilia_Oliveri,Alnus_Cordata,Quercus_Alnifolia
1103,73.0,68.0,89.0,1.0,1.4457592829141042e-07,1.3648716979624075e-07,Quercus_Phellos,Quercus_Imbricaria,Rhododendron_x_Russellianum
1104,12.0,14.0,49.0,1.0,3.1462393687409303e-06,3.2408118915050044e-07,Alnus_Maximowiczii,Alnus_Sieboldiana,Prunus_X_Shmittii
1105,20.0,9.0,83.0,1.0,8.334740680453003e-08,2.175661098761431e-08,Castanea_Sativa,Acer_Rufinerve,Quercus_Texana
1106,5.0,36.0,2.0,1.0,5.865565353659506e-07,5.640996315418322e-07,Acer_Palmatum,Liquidambar_Styraciflua,Acer_Circinatum
1107,88.0,77.0,86.0,1.0,7.655550205598938e-07,5.430535987924724e-07,Quercus_x_Turneri,Quercus_Pyrenaica,Quercus_Vulcanica
1108,52.0,79.0,84.0,1.0,1.1493896054484328e-06,7.628899465492047e-07,Quercus_Agrifolia,Quercus_Rubra,Quercus_Trojana
1109,72.0,81.0,74.0,1.0,8.459068129276422e-06,7.504441934202602e-07,Quercus_Palustris,Quercus_Shumardii,Quercus_Phillyraeoides
1111,40.0,77.0,39.0,1.0,1.1788774572580738e-07,1.0570299764450412e-07,Magnolia_Heptapeta,Quercus_Pyrenaica,Lithocarpus_Edulis
1114,85.0,60.0,32.0,1.0,4.864180848931004e-07,1.9191829831769856e-07,Quercus_Variabilis,Quercus_Coccinea,Fagus_Sylvatica
1115,33.0,32.0,66.0,1.0,1.4693842540955221e-06,8.938408634604432e-07,Ginkgo_Biloba,Fagus_Sylvatica,Quercus_Hartwissiana
1116,67.0,43.0,28.0,1.0,4.313526179552705e-06,2.3513245750968804e-06,Quercus_Ilex,Olea_Europaea,Cytisus_Battandieri
1122,37.0,68.0,44.0,1.0,1.7645472626737168e-06,9.545631725645284e-07,Liriodendron_Tulipifera,Quercus_Imbricaria,Phildelphus
1126,42.0,95.0,49.0,1.0,1.5089634003321026e-06,1.0634080174931036e-06,Morus_Nigra,Tilia_Tomentosa,Prunus_X_Shmittii
1127,32.0,33.0,84.0,1.0,6.066978825542354e-07,5.739722268812402e-07,Fagus_Sylvatica,Ginkgo_Biloba,Quercus_Trojana
1129,81.0,14.0,72.0,1.0,1.3736900980589873e-06,6.923270374298446e-07,Quercus_Shumardii,Alnus_Sieboldiana,Quercus_Palustris
1133,5.0,36.0,50.0,1.0,1.5853439083289407e-06,2.2273447542656089e-07,Acer_Palmatum,Liquidambar_Styraciflua,Pterocarya_Stenoptera
1137,27.0,42.0,84.0,1.0,2.109606678025392e-06,1.7535416235848294e-06,Crataegus_Monogyna,Morus_Nigra,Quercus_Trojana
1138,69.0,66.0,86.0,1.0,1.3085424304604283e-06,9.81366392324514e-07,Quercus_Infectoria_sub,Quercus_Hartwissiana,Quercus_Vulcanica
1139,97.0,39.0,80.0,1.0,6.257893874979996e-07,3.0170746643789426e-07,Viburnum_Tinus,Lithocarpus_Edulis,Quercus_Semecarpifolia
1140,21.0,24.0,1.0,1.0,9.222287831538931e-07,4.080776652744406e-07,Celtis_Koraiensis,Cornus_Controversa,Acer_Capillipes
1141,41.0,40.0,88.0,1.0,7.026301393892451e-06,6.371009231487829e-06,Magnolia_Salicifolia,Magnolia_Heptapeta,Quercus_x_Turneri
1143,35.0,31.0,62.0,1.0,4.105953986322083e-07,8.491146627846067e-08,Ilex_Cornuta,Eucalyptus_Urnigera,Quercus_Crassipes
1146,40.0,39.0,77.0,1.0,4.821617435174108e-07,4.4705523324140317e-07,Magnolia_Heptapeta,Lithocarpus_Edulis,Quercus_Pyrenaica
1149,57.0,75.0,89.0,1.0,5.0732218011485075e-06,1.0927072256140178e-06,Quercus_Cerris,Quercus_Pontica,Rhododendron_x_Russellianum
1150,74.0,70.0,82.0,1.0,4.4163302806184045e-06,1.4917335915377283e-06,Quercus_Phillyraeoides,Quercus_Kewensis,Quercus_Suber
1151,77.0,86.0,70.0,1.0,1.7906117999871222e-06,9.094507836685881e-07,Quercus_Pyrenaica,Quercus_Vulcanica,Quercus_Kewensis
1155,85.0,52.0,32.0,1.0,4.369655480546193e-06,2.9673515633412115e-06,Quercus_Variabilis,Quercus_Agrifolia,Fagus_Sylvatica
1158,8.0,93.0,74.0,1.0,8.26848948036039e-07,7.784061918272834e-07,Acer_Rubrum,Tilia_Oliveri,Quercus_Phillyraeoides
1161,68.0,31.0,30.0,1.0,6.261920435676531e-06,1.8126205555624082e-06,Quercus_Imbricaria,Eucalyptus_Urnigera,Eucalyptus_Neglecta
1162,38.0,39.0,88.0,1.0,6.628700019365692e-06,2.2271170526012183e-06,Lithocarpus_Cleistocarpus,Lithocarpus_Edulis,Quercus_x_Turneri
1164,9.0,2.0,8.0,1.0,4.352442733501521e-06,1.8779964007627825e-06,Acer_Rufinerve,Acer_Circinatum,Acer_Rubrum
1177,96.0,17.0,12.0,1.0,2.8643002744374012e-06,1.3634337364972758e-06,Ulmus_Bergmanniana,Betula_Austrosinensis,Alnus_Maximowiczii
1178,86.0,70.0,77.0,1.0,1.6597153089175037e-07,1.3001954428348047e-07,Quercus_Vulcanica,Quercus_Kewensis,Quercus_Pyrenaica
1181,63.0,80.0,97.0,1.0,4.4351571965558034e-07,2.0380274784871311e-07,Quercus_Dolicholepis,Quercus_Semecarpifolia,Viburnum_Tinus
1183,11.0,32.0,93.0,1.0,3.955198015071956e-06,2.6668375928936172e-06,Alnus_Cordata,Fagus_Sylvatica,Tilia_Oliveri
1185,66.0,69.0,33.0,1.0,7.677546260310704e-06,8.727182731265668e-07,Quercus_Hartwissiana,Quercus_Infectoria_sub,Ginkgo_Biloba
1188,42.0,49.0,86.0,1.0,7.644804178748193e-06,3.5741277265285856e-06,Morus_Nigra,Prunus_X_Shmittii,Quercus_Vulcanica
1189,3.0,82.0,40.0,1.0,7.400415973769298e-07,5.361722274936655e-07,Acer_Mono,Quercus_Suber,Magnolia_Heptapeta
1190,18.0,87.0,53.0,1.0,2.960868251859914e-06,2.5475586871555607e-06,Betula_Pendula,Quercus_x_Hispanica,Quercus_Alnifolia
1191,87.0,70.0,69.0,1.0,6.981994893160829e-06,4.457665361125017e-06,Quercus_x_Hispanica,Quercus_Kewensis,Quercus_Infectoria_sub
1192,42.0,27.0,98.0,1.0,9.141192011594019e-07,3.4335550263948427e-07,Morus_Nigra,Crataegus_Monogyna,Viburnum_x_Rhytidophylloides
1193,53.0,63.0,18.0,1.0,1.6377258589501482e-06,3.696449542309177e-07,Quercus_Alnifolia,Quercus_Dolicholepis,Betula_Pendula
1195,4.0,86.0,61.0,1.0,8.51286199478107e-07,5.36753383442545e-07,Acer_Opalus,Quercus_Vulcanica,Quercus_Crassifolia
1199,50.0,90.0,1.0,1.0,5.48504974575844e-07,4.6402467104475886e-07,Pterocarya_Stenoptera,Salix_Fragilis,Acer_Capillipes
1203,48.0,20.0,96.0,1.0,1.1227782957574762e-06,6.418012783992598e-07,Prunus_Avium,Castanea_Sativa,Ulmus_Bergmanniana
1204,77.0,88.0,86.0,1.0,8.19761021092658e-07,2.755996630313514e-07,Quercus_Pyrenaica,Quercus_x_Turneri,Quercus_Vulcanica
1207,53.0,14.0,80.0,1.0,4.674335638478818e-06,2.607647115446053e-06,Quercus_Alnifolia,Alnus_Sieboldiana,Quercus_Semecarpifolia
1209,17.0,15.0,95.0,1.0,4.162102517498246e-06,1.926081035639167e-06,Betula_Austrosinensis,Alnus_Viridis,Tilia_Tomentosa
1212,27.0,60.0,10.0,1.0,2.2818179709090236e-06,1.294807235879145e-06,Crataegus_Monogyna,Quercus_Coccinea,Acer_Saccharinum
1214,89.0,73.0,75.0,1.0,2.6379810553508106e-07,1.4927014888218777e-07,Rhododendron_x_Russellianum,Quercus_Phellos,Quercus_Pontica
1215,64.0,83.0,1.0,0.771127839752989,0.22887216024701101,0.0,Quercus_Ellipsoidalis,Quercus_Texana,Acer_Capillipes
1224,46.0,33.0,18.0,1.0,4.410731279351726e-07,1.8363917828051172e-07,Populus_Grandidentata,Ginkgo_Biloba,Betula_Pendula
1227,40.0,39.0,77.0,1.0,3.371974644534608e-07,4.105075801502764e-08,Magnolia_Heptapeta,Lithocarpus_Edulis,Quercus_Pyrenaica
1230,67.0,63.0,28.0,1.0,4.219004538555478e-06,1.911187025016956e-06,Quercus_Ilex,Quercus_Dolicholepis,Cytisus_Battandieri
1233,88.0,41.0,48.0,1.0,8.910074392796605e-06,2.22851676314752e-06,Quercus_x_Turneri,Magnolia_Salicifolia,Prunus_Avium
1234,76.0,84.0,27.0,1.0,8.154681153614526e-07,4.1635960701185603e-07,Quercus_Pubescens,Quercus_Trojana,Crataegus_Monogyna
1237,75.0,47.0,89.0,1.0,1.68342902288454e-06,1.3883222124262768e-06,Quercus_Pontica,Populus_Nigra,Rhododendron_x_Russellianum
1241,8.0,18.0,74.0,1.0,9.175428470172395e-06,8.815553836882494e-07,Acer_Rubrum,Betula_Pendula,Quercus_Phillyraeoides
1246,65.0,52.0,22.0,1.0,9.83158474315251e-07,5.209677012379934e-07,Quercus_Greggii,Quercus_Agrifolia,Cercis_Siliquastrum
1247,66.0,4.0,1.0,1.0,1.4169020021801078e-06,1.2057290179492667e-06,Quercus_Hartwissiana,Acer_Opalus,Acer_Capillipes
1248,79.0,78.0,84.0,1.0,1.3555995754782357e-07,1.2008035197399485e-07,Quercus_Rubra,Quercus_Rhysophylla,Quercus_Trojana
1252,64.0,83.0,68.0,1.0,8.38114957666213e-06,1.6657504625180177e-06,Quercus_Ellipsoidalis,Quercus_Texana,Quercus_Imbricaria
1259,57.0,65.0,76.0,1.0,3.090100517671768e-06,2.926222741902466e-06,Quercus_Cerris,Quercus_Greggii,Quercus_Pubescens
1260,22.0,32.0,98.0,1.0,2.0127897633877583e-07,1.1956901462761947e-07,Cercis_Siliquastrum,Fagus_Sylvatica,Viburnum_x_Rhytidophylloides
1261,62.0,74.0,91.0,1.0,6.139494828280072e-07,1.7341562087668261e-07,Quercus_Crassipes,Quercus_Phillyraeoides,Salix_Intergra
1264,89.0,57.0,75.0,1.0,1.3824808871686554e-06,3.4750096108721925e-07,Rhododendron_x_Russellianum,Quercus_Cerris,Quercus_Pontica
1266,63.0,23.0,92.0,1.0,1.1749894660703424e-06,3.683757038604034e-07,Quercus_Dolicholepis,Cornus_Chinensis,Sorbus_Aria
1267,92.0,63.0,15.0,1.0,1.1445384644845726e-07,1.4747681805736064e-08,Sorbus_Aria,Quercus_Dolicholepis,Alnus_Viridis
1272,60.0,77.0,39.0,1.0,2.4899421985637623e-06,6.024852994242534e-07,Quercus_Coccinea,Quercus_Pyrenaica,Lithocarpus_Edulis
1274,13.0,53.0,4.0,1.0,5.8571655674024335e-06,3.975143006375366e-06,Alnus_Rubra,Quercus_Alnifolia,Acer_Opalus
1279,75.0,52.0,57.0,1.0,4.254309812869752e-06,1.7370487232563034e-06,Quercus_Pontica,Quercus_Agrifolia,Quercus_Cerris
1280,16.0,29.0,30.0,1.0,8.315933596401304e-07,2.577516437281615e-07,Arundinaria_Simonii,Eucalyptus_Glaucescens,Eucalyptus_Neglecta
1285,86.0,77.0,20.0,1.0,2.427165420594691e-06,1.8094052310869378e-07,Quercus_Vulcanica,Quercus_Pyrenaica,Castanea_Sativa
1288,9.0,95.0,8.0,1.0,6.216559585126468e-06,2.648285399211753e-06,Acer_Rufinerve,Tilia_Tomentosa,Acer_Rubrum
1290,67.0,28.0,63.0,1.0,1.71957094906033e-05,1.7348128506629993e-06,Quercus_Ilex,Cytisus_Battandieri,Quercus_Dolicholepis
1293,58.0,35.0,39.0,1.0,1.4706120380063733e-06,4.41450529546829e-07,Quercus_Chrysolepis,Ilex_Cornuta,Lithocarpus_Edulis
1295,84.0,32.0,76.0,1.0,8.379669077905943e-07,5.766578404253379e-07,Quercus_Trojana,Fagus_Sylvatica,Quercus_Pubescens
1297,83.0,60.0,64.0,1.0,3.2329786659089665e-06,1.3202781324053224e-06,Quercus_Texana,Quercus_Coccinea,Quercus_Ellipsoidalis
1298,73.0,68.0,78.0,1.0,2.5784090470387522e-06,6.593377287074845e-07,Quercus_Phellos,Quercus_Imbricaria,Quercus_Rhysophylla
1303,59.0,58.0,82.0,1.0,2.1508193001604513e-06,2.089693483793988e-06,Quercus_Coccifera,Quercus_Chrysolepis,Quercus_Suber
1304,29.0,25.0,1.0,0.7099080519287028,0.290091948071297,0.0,Eucalyptus_Glaucescens,Cornus_Macrophylla,Acer_Capillipes
1306,18.0,8.0,14.0,1.0,8.362185103844291e-06,4.7180595719502143e-07,Betula_Pendula,Acer_Rubrum,Alnus_Sieboldiana
1307,68.0,88.0,73.0,1.0,3.978540112659341e-06,5.812221069187922e-07,Quercus_Imbricaria,Quercus_x_Turneri,Quercus_Phellos
1313,67.0,45.0,82.0,1.0,5.704375818792835e-06,4.309636248950773e-07,Quercus_Ilex,Populus_Adenopoda,Quercus_Suber
1314,58.0,41.0,38.0,1.0,2.628286711560853e-06,1.2287391111444836e-06,Quercus_Chrysolepis,Magnolia_Salicifolia,Lithocarpus_Cleistocarpus
1315,67.0,78.0,45.0,1.0,1.482336737898313e-06,7.464761103600799e-07,Quercus_Ilex,Quercus_Rhysophylla,Populus_Adenopoda
1316,76.0,27.0,17.0,1.0,6.867904571432157e-07,5.980265745475458e-07,Quercus_Pubescens,Crataegus_Monogyna,Betula_Austrosinensis
1318,36.0,6.0,5.0,1.0,1.427897839776447e-06,5.241792153899535e-07,Liquidambar_Styraciflua,Acer_Pictum,Acer_Palmatum
1321,19.0,49.0,21.0,1.0,1.137319007708284e-06,8.113359445063245e-07,Callicarpa_Bodinieri,Prunus_X_Shmittii,Celtis_Koraiensis
1331,10.0,55.0,21.0,1.0,1.7290451300933552e-06,7.111778249236337e-07,Acer_Saccharinum,Quercus_Canariensis,Celtis_Koraiensis
1332,55.0,54.0,69.0,1.0,3.6074288687971458e-06,1.084171444928651e-06,Quercus_Canariensis,Quercus_Brantii,Quercus_Infectoria_sub
1333,92.0,13.0,21.0,1.0,2.0985635096619734e-06,1.9165971402529132e-07,Sorbus_Aria,Alnus_Rubra,Celtis_Koraiensis
1334,66.0,94.0,13.0,1.0,1.3994591155965457e-06,5.125785947951827e-07,Quercus_Hartwissiana,Tilia_Platyphyllos,Alnus_Rubra
1336,20.0,48.0,2.0,1.0,7.431986673858238e-08,3.305006871544009e-08,Castanea_Sativa,Prunus_Avium,Acer_Circinatum
1338,16.0,29.0,78.0,1.0,1.582468962210756e-06,4.708148705317595e-08,Arundinaria_Simonii,Eucalyptus_Glaucescens,Quercus_Rhysophylla
1343,11.0,65.0,93.0,1.0,1.7362256724772833e-06,1.2343464159009956e-06,Alnus_Cordata,Quercus_Greggii,Tilia_Oliveri
1351,25.0,24.0,71.0,1.0,8.574251135037372e-07,5.670759315788659e-07,Cornus_Macrophylla,Cornus_Controversa,Quercus_Nigra
1354,72.0,81.0,29.0,1.0,7.659674590427245e-07,2.479497382250609e-07,Quercus_Palustris,Quercus_Shumardii,Eucalyptus_Glaucescens
1357,70.0,87.0,74.0,1.0,5.437151031610998e-06,4.66117319010655e-06,Quercus_Kewensis,Quercus_x_Hispanica,Quercus_Phillyraeoides
1361,49.0,48.0,42.0,1.0,6.592172533145829e-06,1.102014273951505e-06,Prunus_X_Shmittii,Prunus_Avium,Morus_Nigra
1362,40.0,39.0,24.0,1.0,1.923793298632157e-06,1.3261832250378034e-06,Magnolia_Heptapeta,Lithocarpus_Edulis,Cornus_Controversa
1363,99.0,31.0,54.0,1.0,7.374476261861506e-07,7.366587411616466e-07,Zelkova_Serrata,Eucalyptus_Urnigera,Quercus_Brantii
1364,17.0,15.0,96.0,1.0,9.912092995316784e-07,8.994459773845367e-07,Betula_Austrosinensis,Alnus_Viridis,Ulmus_Bergmanniana
1368,20.0,48.0,51.0,1.0,4.5522205691434736e-07,1.809947070134751e-07,Castanea_Sativa,Prunus_Avium,Quercus_Afares
1369,46.0,51.0,59.0,1.0,1.7904921614755305e-06,1.1446646171504992e-06,Populus_Grandidentata,Quercus_Afares,Quercus_Coccifera
1371,75.0,47.0,57.0,1.0,2.3987876922015655e-06,2.0659840539693545e-06,Quercus_Pontica,Populus_Nigra,Quercus_Cerris
1376,7.0,81.0,20.0,1.0,4.1004248747201573e-07,3.731041725622971e-07,Acer_Platanoids,Quercus_Shumardii,Castanea_Sativa
1382,70.0,68.0,1.0,0.7183044003338603,0.2816955996661396,0.0,Quercus_Kewensis,Quercus_Imbricaria,Acer_Capillipes
1383,43.0,3.0,82.0,1.0,5.551998508481029e-08,5.167036917006171e-08,Olea_Europaea,Acer_Mono,Quercus_Suber
1385,35.0,43.0,82.0,1.0,4.5404826116475005e-06,1.970833583228303e-06,Ilex_Cornuta,Olea_Europaea,Quercus_Suber
1387,81.0,72.0,1.0,0.7668492500553308,0.23315074994466928,0.0,Quercus_Shumardii,Quercus_Palustris,Acer_Capillipes
1389,48.0,20.0,88.0,1.0,7.91408431183017e-07,7.597912287150823e-09,Prunus_Avium,Castanea_Sativa,Quercus_x_Turneri
1397,86.0,77.0,27.0,1.0,2.1888864557550147e-06,1.2453115894870441e-06,Quercus_Vulcanica,Quercus_Pyrenaica,Crataegus_Monogyna
1400,29.0,30.0,16.0,1.0,4.092006889585681e-06,4.031130067005034e-06,Eucalyptus_Glaucescens,Eucalyptus_Neglecta,Arundinaria_Simonii
1401,86.0,66.0,13.0,1.0,1.5990925831141554e-06,1.0297500983873502e-06,Quercus_Vulcanica,Quercus_Hartwissiana,Alnus_Rubra
1404,48.0,88.0,49.0,1.0,1.0151532068826209e-07,8.640656576036142e-08,Prunus_Avium,Quercus_x_Turneri,Prunus_X_Shmittii
1406,26.0,23.0,22.0,1.0,1.7604989849685205e-07,9.367528268897264e-08,Cotinus_Coggygria,Cornus_Chinensis,Cercis_Siliquastrum
1407,28.0,67.0,98.0,1.0,4.9983750529024475e-06,1.2793610292031903e-06,Cytisus_Battandieri,Quercus_Ilex,Viburnum_x_Rhytidophylloides
1409,59.0,82.0,90.0,1.0,6.083977669041617e-06,4.2341167574975465e-07,Quercus_Coccifera,Quercus_Suber,Salix_Fragilis
1412,69.0,56.0,70.0,1.0,3.148319235602228e-06,2.2732510978701034e-06,Quercus_Infectoria_sub,Quercus_Castaneifolia,Quercus_Kewensis
1415,85.0,34.0,21.0,1.0,3.824951797502637e-06,2.600903154789203e-06,Quercus_Variabilis,Ilex_Aquifolium,Celtis_Koraiensis
1416,98.0,89.0,57.0,1.0,9.019529614670191e-07,5.99698079296195e-08,Viburnum_x_Rhytidophylloides,Rhododendron_x_Russellianum,Quercus_Cerris
1418,64.0,83.0,68.0,1.0,5.227784013727673e-06,3.4429499512602504e-07,Quercus_Ellipsoidalis,Quercus_Texana,Quercus_Imbricaria
1421,98.0,28.0,92.0,1.0,2.4721126774324117e-06,1.5029271538313726e-08,Viburnum_x_Rhytidophylloides,Cytisus_Battandieri,Sorbus_Aria
1422,77.0,40.0,69.0,1.0,2.068927137014909e-06,1.4265236698100687e-06,Quercus_Pyrenaica,Magnolia_Heptapeta,Quercus_Infectoria_sub
1426,82.0,70.0,91.0,1.0,3.02109125662886e-06,1.700534325233503e-06,Quercus_Suber,Quercus_Kewensis,Salix_Intergra
1427,88.0,86.0,77.0,1.0,3.1538554070421705e-06,2.795250444049853e-06,Quercus_x_Turneri,Quercus_Vulcanica,Quercus_Pyrenaica
1428,78.0,73.0,79.0,1.0,4.423539453748568e-06,1.9013221271380442e-06,Quercus_Rhysophylla,Quercus_Phellos,Quercus_Rubra
1429,14.0,12.0,15.0,1.0,3.8586309686007884e-07,3.54217782960628e-07,Alnus_Sieboldiana,Alnus_Maximowiczii,Alnus_Viridis
1430,1.0,21.0,17.0,1.0,2.629862772113121e-06,1.0177152168856222e-06,Acer_Capillipes,Celtis_Koraiensis,Betula_Austrosinensis
1433,29.0,72.0,16.0,1.0,1.304757296360244e-06,9.809041930466938e-07,Eucalyptus_Glaucescens,Quercus_Palustris,Arundinaria_Simonii
1434,42.0,49.0,13.0,1.0,5.34356990631591e-06,1.2257912393402502e-06,Morus_Nigra,Prunus_X_Shmittii,Alnus_Rubra
1437,15.0,92.0,17.0,1.0,7.063775189351023e-06,5.782891135346076e-06,Alnus_Viridis,Sorbus_Aria,Betula_Austrosinensis
1439,13.0,4.0,92.0,1.0,5.077199538728549e-06,4.940097609378173e-06,Alnus_Rubra,Acer_Opalus,Sorbus_Aria
1445,34.0,46.0,32.0,1.0,2.682870649394905e-07,1.2226935281363044e-07,Ilex_Aquifolium,Populus_Grandidentata,Fagus_Sylvatica
1447,87.0,70.0,69.0,1.0,6.4923609476371625e-06,2.7850519711490886e-06,Quercus_x_Hispanica,Quercus_Kewensis,Quercus_Infectoria_sub
1451,47.0,52.0,76.0,1.0,6.994662148344867e-07,3.978598847129129e-07,Populus_Nigra,Quercus_Agrifolia,Quercus_Pubescens
1453,5.0,12.0,2.0,1.0,1.1888153396701532e-06,8.41894934589226e-07,Acer_Palmatum,Alnus_Maximowiczii,Acer_Circinatum
1455,5.0,12.0,2.0,1.0,5.270861029571614e-07,3.7423382647592414e-07,Acer_Palmatum,Alnus_Maximowiczii,Acer_Circinatum
1456,48.0,49.0,20.0,1.0,1.526952109869508e-06,4.907869337732427e-07,Prunus_Avium,Prunus_X_Shmittii,Castanea_Sativa
1458,31.0,69.0,29.0,1.0,2.586757878691466e-06,7.009326554319698e-07,Eucalyptus_Urnigera,Quercus_Infectoria_sub,Eucalyptus_Glaucescens
1462,20.0,38.0,48.0,1.0,2.891470089659492e-06,5.767623388434327e-07,Castanea_Sativa,Lithocarpus_Cleistocarpus,Prunus_Avium
1464,59.0,96.0,90.0,1.0,3.9965180312134706e-06,3.0026498884176363e-06,Quercus_Coccifera,Ulmus_Bergmanniana,Salix_Fragilis
1465,14.0,18.0,92.0,1.0,1.4301798182740494e-06,1.4293295887053508e-06,Alnus_Sieboldiana,Betula_Pendula,Sorbus_Aria
1466,78.0,98.0,67.0,1.0,1.3870164543073959e-06,1.3456478232646074e-06,Quercus_Rhysophylla,Viburnum_x_Rhytidophylloides,Quercus_Ilex
1470,99.0,20.0,14.0,1.0,3.059738811974616e-06,1.740100900669654e-06,Zelkova_Serrata,Castanea_Sativa,Alnus_Sieboldiana
1478,6.0,79.0,73.0,1.0,1.93796761551386e-06,1.917466750094242e-06,Acer_Pictum,Quercus_Rubra,Quercus_Phellos
1481,50.0,12.0,8.0,1.0,2.380981066208907e-06,5.60096949524825e-07,Pterocarya_Stenoptera,Alnus_Maximowiczii,Acer_Rubrum
1484,73.0,6.0,71.0,1.0,8.93415315999962e-08,5.363725001823828e-08,Quercus_Phellos,Acer_Pictum,Quercus_Nigra
1485,54.0,55.0,57.0,1.0,1.0131719170281507e-05,3.397407990292115e-06,Quercus_Brantii,Quercus_Canariensis,Quercus_Cerris
1486,33.0,32.0,69.0,1.0,1.0142073880859875e-06,5.093494501476314e-07,Ginkgo_Biloba,Fagus_Sylvatica,Quercus_Infectoria_sub
1487,78.0,64.0,79.0,1.0,9.70428031199629e-07,8.884866117445799e-07,Quercus_Rhysophylla,Quercus_Ellipsoidalis,Quercus_Rubra
1489,41.0,38.0,40.0,1.0,5.562152248342994e-06,1.3777454035914738e-06,Magnolia_Salicifolia,Lithocarpus_Cleistocarpus,Magnolia_Heptapeta
1490,69.0,3.0,31.0,1.0,1.2471812511530436e-06,1.041227806707085e-06,Quercus_Infectoria_sub,Acer_Mono,Eucalyptus_Urnigera
1493,27.0,76.0,15.0,1.0,8.355109184273593e-07,8.205651707668036e-07,Crataegus_Monogyna,Quercus_Pubescens,Alnus_Viridis
1495,93.0,82.0,74.0,1.0,4.928641108137139e-06,1.9849923362816632e-06,Tilia_Oliveri,Quercus_Suber,Quercus_Phillyraeoides
1497,17.0,96.0,1.0,1.0,1.7073992499068522e-06,1.3674780369350208e-06,Betula_Austrosinensis,Ulmus_Bergmanniana,Acer_Capillipes
1498,82.0,59.0,67.0,1.0,1.9704211932491657e-06,4.7259224226194013e-07,Quercus_Suber,Quercus_Coccifera,Quercus_Ilex
1503,38.0,41.0,40.0,1.0,5.084965959088148e-06,2.843317892681102e-06,Lithocarpus_Cleistocarpus,Magnolia_Salicifolia,Magnolia_Heptapeta
1510,15.0,12.0,49.0,1.0,1.7330966641836363e-06,2.9989602174804677e-07,Alnus_Viridis,Alnus_Maximowiczii,Prunus_X_Shmittii
1513,94.0,65.0,36.0,1.0,3.965750358542886e-07,7.832619919629428e-08,Tilia_Platyphyllos,Quercus_Greggii,Liquidambar_Styraciflua
1517,81.0,72.0,7.0,1.0,1.8009572829308075e-06,6.924150021730491e-07,Quercus_Shumardii,Quercus_Palustris,Acer_Platanoids
1522,54.0,55.0,87.0,1.0,1.8474702431287967e-06,1.4991394848553773e-06,Quercus_Brantii,Quercus_Canariensis,Quercus_x_Hispanica
1526,47.0,52.0,75.0,1.0,4.4592724091169015e-06,8.17366191017468e-07,Populus_Nigra,Quercus_Agrifolia,Quercus_Pontica
1528,26.0,24.0,40.0,1.0,1.0799773287791032e-05,3.907028762885723e-06,Cotinus_Coggygria,Cornus_Controversa,Magnolia_Heptapeta
1533,51.0,42.0,48.0,1.0,1.9352929457449138e-07,8.487524144933699e-08,Quercus_Afares,Morus_Nigra,Prunus_Avium
1534,8.0,9.0,63.0,1.0,1.0303192922985613e-06,6.925795619118842e-07,Acer_Rubrum,Acer_Rufinerve,Quercus_Dolicholepis
1535,38.0,39.0,41.0,1.0,3.6250470722890823e-06,1.493211562990132e-06,Lithocarpus_Cleistocarpus,Lithocarpus_Edulis,Magnolia_Salicifolia
1537,94.0,12.0,21.0,1.0,3.4615718669176965e-06,2.6277015628934137e-06,Tilia_Platyphyllos,Alnus_Maximowiczii,Celtis_Koraiensis
1540,1.0,66.0,99.0,1.0,1.8503917883566684e-06,1.1234734255977124e-06,Acer_Capillipes,Quercus_Hartwissiana,Zelkova_Serrata
1542,21.0,94.0,1.0,1.0,3.947229901713557e-06,2.40919078250736e-06,Celtis_Koraiensis,Tilia_Platyphyllos,Acer_Capillipes
1546,55.0,66.0,54.0,1.0,1.0339094826500388e-05,6.484448744366125e-06,Quercus_Canariensis,Quercus_Hartwissiana,Quercus_Brantii
1553,11.0,94.0,93.0,1.0,1.574364916455574e-06,9.390744678279516e-07,Alnus_Cordata,Tilia_Platyphyllos,Tilia_Oliveri
1558,92.0,19.0,21.0,1.0,6.141808910651625e-08,1.7873238988276453e-08,Sorbus_Aria,Callicarpa_Bodinieri,Celtis_Koraiensis
1560,41.0,38.0,88.0,1.0,1.0513144155597385e-06,7.893025472074701e-07,Magnolia_Salicifolia,Lithocarpus_Cleistocarpus,Quercus_x_Turneri
1564,82.0,53.0,97.0,1.0,5.650584643723489e-06,3.1965108557780246e-06,Quercus_Suber,Quercus_Alnifolia,Viburnum_Tinus
1565,54.0,99.0,49.0,1.0,5.6607867825713015e-06,4.956325639093765e-06,Quercus_Brantii,Zelkova_Serrata,Prunus_X_Shmittii
1567,19.0,44.0,50.0,1.0,2.3873804062355057e-06,1.9709526750233013e-06,Callicarpa_Bodinieri,Phildelphus,Pterocarya_Stenoptera
1573,28.0,98.0,63.0,1.0,1.8293635346892704e-06,4.940977019050229e-07,Cytisus_Battandieri,Viburnum_x_Rhytidophylloides,Quercus_Dolicholepis
1576,2.0,99.0,9.0,1.0,1.6060703993106602e-06,9.550938593921767e-07,Acer_Circinatum,Zelkova_Serrata,Acer_Rufinerve
1577,13.0,92.0,9.0,1.0,1.7545006983870173e-06,1.1261079652755814e-06,Alnus_Rubra,Sorbus_Aria,Acer_Rufinerve
1579,55.0,66.0,71.0,1.0,4.83990633753997e-07,2.5338903131674294e-07,Quercus_Canariensis,Quercus_Hartwissiana,Quercus_Nigra
1580,74.0,95.0,82.0,1.0,1.897909896956273e-06,1.1326191297061117e-06,Quercus_Phillyraeoides,Tilia_Tomentosa,Quercus_Suber
1583,16.0,30.0,20.0,1.0,1.065633559812628e-06,4.4826453629748915e-07,Arundinaria_Simonii,Eucalyptus_Neglecta,Castanea_Sativa
